Kanji,nghia,bo,status,order
丂,丂: 5,丂,,0
号,"HIỆU, HÀO: phiên hiệu, tín hiệu, phù hiệu",丂,,0
巧,XẢO: tinh xảo,丂,,0
朽,HỦ: bất hủ,丂,,0
汚,Ô: ô nhiễm,丂,,0
誇,KHOA: khoa trương,丂,,0
与,"DỮ, DỰ: cấp dữ, tham dự",与,,0
写,TẢ: miêu tả,与,,0
丁,ĐINH: đinh ninh,丁,,0
寧,NINH: an ninh,丁,,0
庁,"SẢNH, THÍNH: đại sảnh",丁,,0
打,"ĐẢ: đả kích, ẩu đả",丁,,0
灯,ĐĂNG: hải đăng,丁,,0
町,ĐINH: khu phố,丁,,0
訂,ĐÍNH: đính chính,丁,,0
貯,"TRỮ: tàng trữ, lưu trữ",丁,,0
頂,"ĐỈNH, ĐÍNH: thiên đỉnh, đỉnh đầu",丁,,0
工,"CÔNG: công tác, công nhân",工,,0
功,CÔNG: công lao,工,,0
差,"SAI: sai khác, sai biệt",工,,0
攻,"CÔNG: tấn công, công kích",工,,0
江,"GIANG: trường giang, giang hồ",工,,0
紅,HỒNG: hồng quân,工,,0
虹,HỒNG: cầu vồng,工,,0
貢,CỐNG: cống hiến,工,,0
項,HẠNG: hạng mục,工,,0
丑,SỬU,丑,,0
羞,TU: thẹn,丑,,0
雲,VÂN: mây,雲,,0
曇,ĐÀM: có mây,雲,,0
並,TỊNH: xếp hàng,並,,0
普,PHỔ: phổ thông,並,,0
譜,"PHỔ, PHẢ: phổ nhạc, gia phả",並,,0
湿,THẤP: ẩm thấp,並,,0
霊,LINH: linh hồn,並,,0
顕,"HIỂN: hiển hách, hiển thị",並,,0
奴,"NÔ: nô lệ, nô dịch",奴,,0
努,NỖ: nỗ lực,奴,,0
怒,NỘ: thịnh nộ,奴,,0
亢,亢: ghế trên đầu,亢,,0
坑,KHANH: hố đào,亢,,0
抗,"KHÁNG: chống lại, đề kháng, kháng chiến",亢,,0
航,"HÀNG: hàng không, hàng hải",亢,,0
亦,"亦: thiếu 1 mới đỏ, chưa đỏ",亦,,0
変,"BIẾN: biến đổi, biến thiên",亦,,0
恋,"LUYẾN: lưu luyến, luyến ái",亦,,0
湾,LOAN: vịnh,亦,,0
蛮,"MAN: man di, dã man",亦,,0
跡,"TÍCH: dấu tích, vết tích",亦,,0
赤,"XÍCH: đỏ, xích kì, xích đạo, xích thập tự",赤,,0
嚇,"HÁCH: nạt nộ, hách dịch",赤,,0
赦,"XÁ: tha thứ, dung xá, xá tội",赤,,0
从,从: 2 người,从,,0
傘,TẢN: cái ô,从,,0
卒,"TỐT, THỐT: tốt nghiệp",从,,0
前,"TIỀN: trước, tiền sử, tiền chiến, mặt tiền",前,,0
煎,"TIÊN, TIỄN: rang cháy",前,,0
亼,亼: 1 người,亼,,0
愉,"DU: sảng khoái, du khoái",亼,,0
諭,DỤ: cảnh báo,亼,,0
輸,"THÂU: thâu nhập, thâu xuất",亼,,0
兄,HUYNH: phụ huynh,兄,,0
克,KHẮC: khắc phục,兄,,0
呪,CHÚ: rủa,兄,,0
況,"HUỐNG: tình huống, trạng huống",兄,,0
祝,CHÚC: chúc phúc,兄,,0
競,CẠNH: cạnh tranh,兄,,0
兑,兑: TV,兑,,0
悦,DUYỆT: vui vẻ,兑,,0
税,THUẾ: thuế vụ,兑,,0
脱,THOÁT: giải thoát,兑,,0
説,"THUYẾT: tiểu thuyết, học thuyết, lí thuyết",兑,,0
鋭,NHUỆ: tinh nhuệ,兑,,0
閲,DUYỆT: kiểm duyệt,兑,,0
lại là em,,lại là em,,0
侵,XÂM: xâm lược,lại là em,,0
浸,TẨM: ngâm tẩm,lại là em,,0
寝,TẨM: ngủ,lại là em,,0
em khăn,,em khăn,,0
婦,"PHỤ: phụ nữ, dâm phụ",em khăn,,0
掃,TẢO: quét,em khăn,,0
em nước,,em nước,,0
緑,LỤC: xanh lục,em nước,,0
録,"LỤC: kí lục, đăng lục",em nước,,0
剥,BÁC: gọt,em nước,,0
ba đêm,,ba đêm,,0
学,"HỌC: học sinh, học thuyết",ba đêm,,0
栄,"VINH: vinh quang, vinh hạnh",ba đêm,,0
蛍,"HUỲNH: đom đóm, huỳnh quang",ba đêm,,0
覚,"GIÁC: cảm giác, giác ngộ",ba đêm,,0
七,"THẤT: 7, số bảy",七,,0
叱,SẤT: la mắng,七,,0
万,"VẠN: vạn, nhiều, vạn vật",万,,0
励,LỆ: khích lệ,万,,0
栃,(Không có âm Hán Việt): (Địa danh) Tochigi,万,,0
三,"TAM: 3, số ba",三,,0
拝,BÁI: sùng bái,三,,0
上,"THƯỢNG: thượng tầng, thượng đẳng",上,,0
下,"HẠ: dưới, hạ đẳng",上,,0
峠,(Không có âm Hán Việt): đèo,上,,0
不,"BẤT: bất công, bất bình đẳng, bất tài",不,,0
否,"PHỦ, BĨ: phủ định, phủ quyết",不,,0
杯,BÔI: chén,不,,0
且,"THẢ: và, hơn nữa",且,,0
助,"TRỢ: hộ trợ, trợ giúp, viện trợ, cứu trợ",且,,0
宜,"NGHI: thích nghi, tiện nghi",且,,0
査,TRA: điều tra,且,,0
狙,THƯ: nhắm tới,且,,0
畳,ĐIỆP: chiếu,且,,0
祖,TỔ: tổ tiên,且,,0
租,"TÔ: thuế, tô thuế",且,,0
粗,THÔ: thô ráp,且,,0
組,"TỔ: tổ hợp, tổ chức",且,,0
阻,"TRỞ: cản trở, trở ngại",且,,0
世,"THẾ: thế giới, thế gian, thế sự",世,,0
葉,"DIỆP: lá, lạc diệp, hồng diệp",世,,0
蝶,ĐIỆP: con bướm,世,,0
丘,KHÂU: đồi,丘,,0
岳,NHẠC: núi cao,丘,,0
兵,"BINH: binh lính, binh lực",兵,,0
浜,BANH: bờ biển,兵,,0
心,"TÂM: tâm lí, nội tâm",心,,0
芯,TÂM: lõi,心,,0
丙,BÍNH: can bính (can thứ 3),丙,,0
柄,BÍNH: cái cán,丙,,0
病,"BỆNH: bệnh nhân, bệnh viện, bệnh tật",丙,,0
丞,丞: 1 đứa bé nước,丞,,0
蒸,CHƯNG: chưng cất,丞,,0
両,"LƯỠNG: hai, lưỡng quốc",両,,0
満,"MÃN: thỏa mãn, bất mãn, mãn nguyện",両,,0
đánh một người,,đánh một người,,0
修,"TU: tu sửa, tu chính, tu luyện",đánh một người,,0
悠,DU: xa xăm,đánh một người,,0
丩,丩: 4,丩,,0
収,"THU, THÂU: thu nhập, thu nhận, thu hoạch",丩,,0
叫,KHIẾU: kêu,丩,,0
糾,CỦ: buộc dây,丩,,0
中,"TRUNG: ở giữa, trung tâm, trung gian",中,,0
仲,TRỌNG: trọng tài,中,,0
忠,"TRUNG: trung thành, trung thực",中,,0
沖,"TRÙNG, XUNG: ngoài khơi",中,,0
串,XUYẾN: xiên,串,,0
患,HOẠN: bệnh hoạn,串,,0
水,THỦY: thủy điện,水,,0
氷,BĂNG: băng tuyết,水,,0
永,"VĨNH: vĩnh viễn, vỉnh cửu",永,,0
泳,VỊNH: bơi,永,,0
詠,"VỊNH: ngâm thơ, vịnh",永,,0
丸,HOÀN: tròn,丸,,0
vùng đất hình tròn phía trước,,vùng đất hình tròn phía trước,,0
勢,"THẾ: tư thế, thế lực",vùng đất hình tròn phía trước,,0
熱,"NHIỆT: nhiệt độ, nhiệt tình",vùng đất hình tròn phía trước,,0
王,VƯƠNG: vương giả,王,,0
旺,VƯỢNG: thịnh,王,,0
班,BAN: lớp,王,,0
主,"CHỦ: chủ yếu, chủ nhân",主,,0
住,TRÚ: cư trú,主,,0
往,"VÃNG: vãng lai, dĩ vãng",主,,0
柱,TRỤ: trụ cột,主,,0
注,"CHÚ: chú ý, chú thích",主,,0
駐,TRÚ: đồn trú,主,,0
乂,乂: cây kéo,乂,,0
刈,NGẢI: cắt cỏ,乂,,0
爽,SẢNG: sảng khoái,乂,,0
chặt cây,,chặt cây,,0
刹,SÁT: tháp phật,chặt cây,,0
殺,"SÁT: sát hại, sát nhân",chặt cây,,0
父,"PHỤ: phụ tử, phụ thân, phụ huynh",父,,0
釜,PHỦ: ấm đun,父,,0
乃,乃: 13,乃,,0
携,HUỀ: mang theo,乃,,0
秀,"TÚ: ưu tú, tuấn tú",秀,,0
誘,DỤ: dụ dỗ,秀,,0
透,THẤU: thẩm thấu,秀,,0
及,CẬP: phổ cập,及,,0
吸,"HẤP: hô hấp, hấp thu",及,,0
扱,TRÁP: đối xử,及,,0
級,"CẤP: sơ cấp, trung cấp, cao cấp",及,,0
久,"CỬU: lâu, vĩnh cửu",久,,0
畝,MẪU: mẫu (đo diện tích),久,,0
乇,乇: 17,乇,,0
宅,TRẠCH: nhà ở,乇,,0
託,THÁC: ủy thác,乇,,0
之,"之: kore, đây",之,,0
乏,"PHẠP: nghèo, ít",之,,0
芝,CHI: cỏ,之,,0
乍,乍: 1 em,乍,,0
作,"TÁC: tác phẩm, công tác, canh tác",乍,,0
搾,"TRÁ: ép, vắt",乍,,0
昨,"TẠC: qua, qua..",乍,,0
詐,TRÁ: lừa dối,乍,,0
酢,TẠC: dấm,乍,,0
乗,THỪA: lên xe,乗,,0
剰,THẶNG: thặng dư,乗,,0
乚,乚: L,乚,,0
孔,KHỔNG: lỗ hổng,乚,,0
札,TRÁT: tiền giấy,乚,,0
礼,"LỄ: lễ nghi, lễ nghĩa",乚,,0
九,"CỬU: 9, số chín",九,,0
尻,CỪU: mông,九,,0
枠,(Không có âm Hán Việt): cái khung,九,,0
染,NHIỄM: ô nhiễm,九,,0
究,"CỨU: nghiên cứu, cứu cánh",九,,0
軌,QUỸ: quỹ đạo,九,,0
雑,"TẠP: tạp chí, tạp kĩ",九,,0
乙,ẤT: can Ất,乙,,0
乞,KHẤT: ăn xin,乙,,0
乾,"KIỀN, CAN: khô",乙,,0
也,也: DÃ,也,,0
他,"THA: khác, tha hương, vị tha",也,,0
地,"ĐỊA: thổ địa, địa đạo",也,,0
施,"THI: thực thi, thi hành",也,,0
池,TRÌ: cái ao,也,,0
争,"TRANH: đấu tranh, chiến tranh, tranh luận, cạnh tranh",争,,0
浄,TỊNH: thanh tịnh,争,,0
静,"TĨNH: bình tĩnh, trấn tĩnh",争,,0
二,"NHỊ: 2, số hai",二,,0
仁,NHÂN: nhân nghĩa,二,,0
脊,TÍCH: xương sống,二,,0
于,"于: VU, vu qui",于,,0
宇,VŨ: vũ trụ,于,,0
芋,"DỤ, VU: khoai",于,,0
余,"DƯ: thặng dư, dư dật",余,,0
叙,TỰ: kể lại,余,,0
塗,ĐỒ: sơn vẽ,余,,0
徐,TỪ: từ từ,余,,0
途,ĐỒ: tiền đồ,余,,0
除,"TRỪ: trừ khử, trừ bỏ, loại trừ, phép chia",余,,0
云,云: 24,云,,0
伝,"TRUYỀN: truyền đạt, truyền động",云,,0
芸,"VÂN, NGHỆ: nghệ thuật, nghệ nhân",云,,0
転,CHUYỂN: chuyển động,云,,0
井,TỈNH: giếng,井,,0
丼,ĐẢM: tô cơm,井,,0
囲,"VI: chu vi, bao vây",井,,0
旦,ĐÁN: sáng sớm,旦,,0
但,"ĐÃN: nhưng, do đó",旦,,0
得,"ĐẮC: đắc lợi, cầu bất đắc",旦,,0
担,"ĐẢM, ĐAM: đảm đương, đảm bảo",旦,,0
昼,TRÚ: buổi trưa,旦,,0
胆,ĐẢM: can đảm,旦,,0
亘,亘: 2 ngày,亘,,0
垣,VIÊN: tường thấp,亘,,0
宣,"TUYÊN: tuyên bố, tuyên cáo",亘,,0
恒,"HẰNG: luôn luôn, hằng đẳng thức",亘,,0
亜,"Á: thứ 2, châu á",亜,,0
悪,"ÁC, Ố: hung ác, độc ác",亜,,0
亟,亟: 1 ng mà có 5 miệng,亟,,0
極,"CỰC: cực lực, cùng cực, địa cực",亟,,0
京,"KINH: kinh đô, kinh thành",京,,0
涼,LƯƠNG: mát,京,,0
哀,AI: bi ai,京,,0
衷,"TRUNG, TRÚNG: ở giữa",京,,0
衰,"SUY, SÚY: suy thoái",京,,0
亡,VONG: diệt vong,亡,,0
妄,"VỌNG: sằng, càn, vô căn cứ",亡,,0
忘,VONG: quên,亡,,0
忙,MANG: đa mang,亡,,0
望,"VỌNG: ước vọng, nguyện vọng, kì vọng",亡,,0
盲,MANH: mù,亡,,0
網,VÕNG: mạng lưới,亡,,0
交,"GIAO: giao hảo, giao hoán",交,,0
効,"HIỆU: hiệu quả, hiệu ứng, công hiệu",交,,0
校,"GIÁO, HIỆU: trường học",交,,0
絞,"GIẢO: buộc, xử giảo",交,,0
較,"GIÁC, GIẢO: so sánh",交,,0
郊,"GIAO: ngoại ô, giao ngoại",交,,0
亥,亥: HỢI,亥,,0
刻,KHẮC: thời khắc,亥,,0
劾,HẶC: luận tội,亥,,0
核,"HẠCH: hạt nhân, hạch tâm",亥,,0
該,CAI: tương ứng,亥,,0
享,HƯỞNG: hưởng thụ,享,,0
塾,THỤC: tư thục,享,,0
熟,"THỤC: hiền thục, thục nữ, thành thục, chín chắn",享,,0
郭,QUÁCH: thành quách,享,,0
亭,ĐÌNH: cái đình,亭,,0
停,ĐÌNH: đình chỉ,亭,,0
今,"KIM: đương kim, kim nhật",今,,0
吟,"NGÂM: ngâm, ngân nga",今,,0
含,"HÀM: hàm ý, hàm nghĩa, hàm súc",今,,0
琴,"CẦM: đàn, độc huyền cầm",今,,0
貪,THAM: tham lam,今,,0
陰,"ÂM: âm mưu, số âm",今,,0
介,"GIỚI: ở giữa, môi giới, giới thiệu",介,,0
界,"GIỚI: thế giới, giới hạn, địa giới",介,,0
付,"PHÓ: phụ thuộc, phụ lục",付,,0
符,PHÙ: phù hiệu,付,,0
附,"PHỤ: đính kèm, phụ lục",付,,0
令,"LỆNH, LINH: mệnh lệnh, pháp lệnh",令,,0
冷,"LÃNH: lạnh, lãnh đạm",令,,0
鈴,LINH: cái chuông,令,,0
零,LINH: số không,令,,0
領,"LĨNH, LÃNH: thống lĩnh, lãnh thổ, lĩnh vực",令,,0
以,"DĨ: dĩ tiền, dĩ vãng",以,,0
似,TỰ: tương tự,以,,0
任,"NHẬM, NHIỆM: trách nhiệm, nhiệm vụ",任,,0
賃,NHẪM: tiền thuê,任,,0
伐,PHẠT: thảo phạt,伐,,0
閥,PHIỆT: tài phiệt,伐,,0
会,"HỘI: gặp mặt, hội họp, đại hội",会,,0
絵,HỘI: hội họa,会,,0
何,"HÀ: cái gì, hà cớ",何,,0
荷,"HÀ, HẠ: hành lí",何,,0
侖,侖: 1 ng 1 sách,侖,,0
倫,LUÂN: luân lí,侖,,0
論,"LUẬN: lí luận, ngôn luận, thảo luận",侖,,0
輪,"LUÂN: bánh xe, luân hồi",侖,,0
侯,"HẦU: tước hầu, hầu tước",侯,,0
候,"HẬU: mùa, khí hậu, thời hậu",侯,,0
喉,HẦU: yết hầu,侯,,0
保,"BẢO: bảo trì, bảo vệ, đảm bảo",保,,0
褒,BAO: khen ngợi,保,,0
倉,"THƯƠNG, THẢNG: nhà kho",倉,,0
創,"SANG, SÁNG: sáng tạo",倉,,0
YẾM,,YẾM,,0
倹,KIỆM: tiết kiệm,YẾM,,0
検,KIỂM: kiểm tra,YẾM,,0
険,"HIỂM: nguy hiểm, mạo hiểm, hiểm ác",YẾM,,0
允,允: 4 cái chân,允,,0
俊,"TUẤN: tuấn kiệt, anh tuấn",允,,0
酸,TOAN: axit,允,,0
元,NGUYÊN: gốc,元,,0
冠,"QUAN, QUÁN: quán quân",元,,0
玩,NGOẠN: chơi,元,,0
頑,"NGOAN: ngoan cường, ngoan cố",元,,0
充,"SUNG: sung túc, bổ sung",充,,0
統,"THỐNG: thống nhất, tổng thống, thống trị",充,,0
銃,SÚNG: khấu súng,充,,0
兆,"TRIỆU: triệu chứng, triệu triệu (10 mũ 12)",兆,,0
挑,"THIÊU, KHIÊU: khiêu vũ, khiêu chiến",兆,,0
桃,ĐÀO: cây đào,兆,,0
眺,THIẾU: nhìn,兆,,0
跳,KHIÊU: khiêu vũ,兆,,0
逃,ĐÀO: đào tẩu,兆,,0
先,"TIÊN: tiên sinh, tiên tiến",先,,0
洗,TẨY: rửa,先,,0
光,"QUANG: ánh sáng, nhật quang, quang minh",光,,0
輝,HUY: lấp lánh,光,,0
免,MIỄN: miễn tội,免,,0
勉,"MIỄN: miễn cưỡng, chăm chỉ",免,,0
晩,VÃN: buổi tối,免,,0
逸,DẬT: ẩn dật,免,,0
入,"NHẬP: nhập cảnh, nhập môn, nhập viện",入,,0
込,(Không có âm Hán Việt),入,,0
全,TOÀN: toàn bộ,全,,0
栓,XUYÊN: then cài,全,,0
詮,THUYÊN: ý nghĩa = kai,全,,0
兪,兪,兪,,0
喩,"DỤ: ví dụ, tỉ dụ",兪,,0
18 nhân 3,,18 nhân 3,,0
八,"BÁT: 8, số tám",18 nhân 3,,0
挙,"CỬ: tuyển cử, cử động, cử hành",18 nhân 3,,0
誉,DỰ: danh dự,18 nhân 3,,0
公,"CÔNG: công cộng, công thức, công tước",公,,0
松,"TÙNG: cây tùng, tùng bách",公,,0
総,"TỔNG: tổng số, tổng cộng",公,,0
翁,ÔNG: ông già,公,,0
訟,TỤNG: tố tụng,公,,0
六,"LỤC: 6, số sáu",六,,0
冥,"MINH: tối, u minh",六,,0
共,"CỘNG: tổng cộng, cộng sản, công cộng",共,,0
供,"CUNG: cung cấp, cung phụng",共,,0
塞,"TẮC, TÁI: cản",共,,0
恭,CUNG: cung kính,共,,0
殿,ĐIỆN: cung điện,共,,0
洪,HỒNG: hồng thủy,共,,0
寒,HÀN: lạnh,共,,0
2 chồng trên,,2 chồng trên,,0
券,"KHOÁN: vé, chứng khoán",2 chồng trên,,0
勝,"THẮNG: thắng lợi, thắng cảnh",2 chồng trên,,0
拳,QUYỀN: nắm tay,2 chồng trên,,0
藤,ĐẰNG: cây fuji,2 chồng trên,,0
謄,ĐẰNG: sao chép,2 chồng trên,,0
2 trời,,2 trời,,0
关,关,2 trời,,0
咲,TIẾU: nở hoa,2 trời,,0
送,"TỐNG: tiễn, tống tiễn, tống đạt",2 trời,,0
関,"QUAN: hải quan, quan hệ",2 trời,,0
cái thang có chân,,cái thang có chân,,0
其,其,cái thang có chân,,0
基,"CƠ: cơ sở, cơ bản",cái thang có chân,,0
旗,KỲ: quốc kì,cái thang có chân,,0
期,"KỲ: thời kì, kì hạn",cái thang có chân,,0
棋,KỲ: môn cờ,cái thang có chân,,0
欺,KHI: lừa dối,cái thang có chân,,0
碁,KỲ: cờ,cái thang có chân,,0
具,"CỤ: công cụ, dụng cụ",具,,0
惧,CỤ: sợ,具,,0
兼,KIÊM: kiêm nhiệm,兼,,0
嫌,HIỀM: hiềm khích,兼,,0
廉,LIÊM: thanh liêm,兼,,0
謙,KHIÊM: khiêm tốn,兼,,0
鎌,LIÊM: liềm,兼,,0
内,"NỘI: nội thành, nội bộ",内,,0
納,NẠP: nộp,内,,0
冊,SÁCH: quyển sách,冊,,0
偏,"THIÊN: thiên lệch, thiên kiến",冊,,0
柵,SÁCH: rào,冊,,0
編,"BIÊN: đan, biên tập",冊,,0
遍,BIẾN: lần,冊,,0
冒,MẠO: mạo hiểm,冒,,0
帽,MẠO: cái mũ,冒,,0
冓,冓,冓,,0
構,"CẤU: cấu tạo, cấu thành, cơ cấu",冓,,0
溝,CÂU: mương nhỏ,冓,,0
講,"GIẢNG: giảng đường, giảng bài",冓,,0
購,CẤU: mua,冓,,0
糸,MỊCH: sợ chỉ,糸,,0
索,"TÁC, SÁCH: tìm kiếm",糸,,0
冗,NHŨNG,冗,,0
殻,XÁC: vỏ,冗,,0
冘,冘,冘,,0
枕,CHẨM: cái gối,冘,,0
沈,TRẦM: trầm mặc,冘,,0
冬,ĐÔNG: mùa đông,冬,,0
終,"CHUNG: chung kết, chung liễu",冬,,0
几,几,几,,0
机,CƠ: cái bàn,几,,0
肌,CƠ: da,几,,0
飢,"CƠ: đói, cơ ngạ",几,,0
凡,PHÀM: phàm nhân,凡,,0
帆,PHÀM: cánh buồm,凡,,0
恐,"KHỦNG: khủng bố, khủng hoảng",凡,,0
汎,PHIẾM: rộng,凡,,0
築,TRÚC: kiến trúc,凡,,0
処,"XỨ, XỬ: cư xử, xử trí, xử lí",処,,0
拠,"CỨ: căn cứ, chiếm cứ",処,,0
凶,"HUNG: hung khí, hung thủ",凶,,0
悩,NÃO: khổ não,凶,,0
璃,LI: ngọc lưu ly,凶,,0
胸,HUNG: ngực,凶,,0
脳,"NÃO: bộ não, đầu não",凶,,0
離,"LY: tách li, li khai",凶,,0
出,"XUẤT: ra ngoài, xuất hiện, xuất phát",出,,0
拙,"CHUYẾT: vụng về, dở",出,,0
掘,QUẬT: khai quật,出,,0
刀,ĐAO: cái đao,刀,,0
辺,"BIÊN: biên, biên giới",刀,,0
分,"PHÂN: chia tách, phút, phân số, số phận",分,,0
盆,BỒN: cái bồn,分,,0
粉,PHẤN: bột,分,,0
紛,PHÂN: phân vân,分,,0
貧,BẦN: bần cùng,分,,0
雰,PHÂN: sương mù,分,,0
頒,"BAN: ban bố, ban phát",分,,0
切,"THIẾT: cắt, thiết thực, thân thiết",切,,0
窃,THIẾT: trộm cắp,切,,0
列,"LIỆT: cột, la liệt",列,,0
例,"LỆ: ví dụ, tiền lệ, thông lệ, điều lệ",列,,0
烈,"LIỆT: mãnh liệt, oanh liệt",列,,0
裂,LIỆT: rách,列,,0
利,"LỢI: phúc lợi, lợi ích",利,,0
梨,"LÊ: cây lê, quả lê",利,,0
痢,LỊ: bệnh lị,利,,0
到,ĐÁO: đến,到,,0
倒,ĐẢO: đảo lộn,到,,0
制,"CHẾ: chế ngự, thể chế, chế độ",制,,0
製,CHẾ: chế tạo,制,,0
則,"TẮC: quy tắc, phép tắc",則,,0
側,TRẮC: bên cạnh,則,,0
測,TRẮC: đo đạc,則,,0
力,LỰC: sức lực,力,,0
協,HIỆP: hiệp lực,力,,0
脅,HIẾP: uy hiếp,力,,0
脇,HIẾP: nách,力,,0
加,"GIA: tăng gia, gia giảm",加,,0
架,GIÁ: cái giá,加,,0
賀,HẠ: chúc mừng,加,,0
勇,DŨNG: dũng cảm,勇,,0
湧,DŨNG: phun lên,勇,,0
動,"ĐỘNG: hoạt động, chuyển động",動,,0
働,ĐỘNG: lao động,動,,0
勲,"HUÂN: huân chương, huân công",動,,0
務,"VỤ: chức vụ, nhiệm vụ",務,,0
霧,VỤ: sương mù,務,,0
勹,勹,勹,,0
勾,"CÂU: câu lưu, cong",勹,,0
菊,CÚC: hoa cúc,勹,,0
勺,勺,勺,,0
的,"ĐÍCH: mục đích, đích thực",勺,,0
約,"ƯỚC: lời hứa (ước nguyện), ước tính",勺,,0
酌,CHƯỚC: chuốc rượu,勺,,0
釣,ĐIẾU: câu cá,勺,,0
勿,勿,勿,,0
物,VẬT: động vật,勿,,0
匂,(Không có âm Hán Việt): mùi,匂,,0
喝,HÁT: mắng,匂,,0
掲,YẾT: yết thị,匂,,0
渇,"KHÁT: khát, khát vọng",匂,,0
葛,CÁT: sắn dây,匂,,0
褐,"HẠT, CÁT: màu nâu",匂,,0
謁,YẾT: yết kiến,匂,,0
包,BAO: bao bọc,包,,0
抱,"BÃO: ôm, hoài bão",包,,0
泡,"PHAO, BÀO: bọt",包,,0
砲,PHÁO: khẩu pháo,包,,0
胞,"BÀO: đồng bào, tế bào",包,,0
飽,BÃO: bão hòa,包,,0
匕,匕,匕,,0
壱,"NHẤT: số một, một (thay cho 一)",匕,,0
蛇,XÀ: con rắn,匕,,0
北,BẮC: phương bắc,北,,0
背,"BỐI, BỘI: bối cảnh",北,,0
区,"KHU, ÂU: khu vực, địa khu",区,,0
枢,XU: chốt cửa,区,,0
欧,ÂU: châu âu,区,,0
殴,ẨU: ẩu đả,区,,0
駆,KHU: khu trục hạm,区,,0
十,"THẬP: 10, số mười, thập phân, chữ thập đỏ",十,,0
汁,"TRẤP, HIỆP: nước quả",十,,0
計,KẾ: thống kê,十,,0
千,"THIÊN: nghìn, nhiều, thiên lí",千,,0
挿,SÁP: cho vào,千,,0
卆,卆,卆,,0
砕,TOÁI: phá vỡ,卆,,0
粋,TUÝ: tinh túy,卆,,0
酔,TUÝ: say,卆,,0
升,"THĂNG: đấu, cái đấu (để đong)",升,,0
昇,"THĂNG: thăng tiến, thăng thiên",升,,0
午,NGỌ: chính ngọ,午,,0
許,"HỨA: cho phép, hứa khả",午,,0
卉,卉,卉,,0
噴,PHÚN: phun,卉,,0
墳,PHẦN: mộ phần,卉,,0
奔,"BÔN: chạy, bôn tẩu",卉,,0
憤,PHẪN: phẫn uất,卉,,0
半,"BÁN: bán cầu, bán nguyệt",半,,0
伴,BẠN: đi cùng,半,,0
判,"PHÁN: phán quyết, phán đoán",半,,0
畔,BẠN: ruộng lúa,半,,0
卑,"TY: thấp kém, ti tiện, tự ti",卑,,0
碑,BI: tấm bia,卑,,0
卓,TRÁC: trác việt,卓,,0
悼,ĐIỆU: truy điệu,卓,,0
南,NAM: phương nam,南,,0
献,"HIẾN: hiến dâng, hiến tặng, hiến thân",南,,0
単,"ĐƠN: cô đơn, đơn độc, đơn chiếc",単,,0
弾,"ĐÀN, ĐẠN: đánh đàn",単,,0
戦,"CHIẾN: chiến tranh, chiến đấu",単,,0
禅,"THIỆN, THIỀN: thiền tọa",単,,0
卜,卜,卜,,0
朴,PHÁC: chất phác,卜,,0
訃,PHÓ: cáo phó,卜,,0
占,"CHIÊM, CHIẾM: chiếm cứ",占,,0
店,"ĐIẾM: cửa hàng, tửu điếm",占,,0
点,"ĐIỂM: điểm số, điểm hỏa",占,,0
粘,NIÊM: niêm mạc,占,,0
貼,THIẾP: dán,占,,0
卩,卩,卩,,0
命,"MỆNH: tính mạng, cách mạng, vận mệnh, mệnh lệnh",卩,,0
氾,PHIẾM: tràn lan,卩,,0
犯,PHẠM: phạm nhân,卩,,0
範,"PHẠM: phạm vi, mô phạm",卩,,0
印,"ẤN: in ấn, ấn tượng",卩,,0
LẠI LÀ P,,LẠI LÀ P,,0
報,"BÁO: báo cáo, báo thù, báo đáp",LẠI LÀ P,,0
服,"PHỤC: y phục, cảm phục, phục vụ",LẠI LÀ P,,0
卬,卬,卬,,0
仰,NGƯỠNG: ngưỡng mộ,卬,,0
抑,ỨC: ức chế,卬,,0
迎,"NGHÊNH, NGHỊNH: hoan nghênh, nghênh tiếp",卬,,0
卯,卯,卯,,0
卵,NOÃN: trứng,卯,,0
柳,LIỄU: cây liễu,卯,,0
貿,"MẬU: mậu dịch, trao đổi",卯,,0
即,"TỨC: tức thì, lập tức, tức là",即,,0
節,TIẾT: tiết mục,即,,0
却,KHƯỚC: khước từ,却,,0
脚,CƯỚC: cẳng chân,却,,0
卸,TÁ: bán buôn,卸,,0
御,NGỰ: ngự uyển,卸,,0
厄,ÁCH: tai ách,厄,,0
危,"NGUY: nguy hiểm, nguy cơ",厄,,0
原,"NGUYÊN: thảo nguyên, nguyên tử, nguyên tắc",原,,0
源,"NGUYÊN: nguồn, nguyên tuyền",原,,0
願,"NGUYỆN: tự nguyện, tình nguyện",原,,0
厶,厶,厶,,0
仏,PHẬT: phật giáo,厶,,0
払,PHẤT: trả tiền,厶,,0
私,"TƯ: tư nhân, công tư, tư lợi",厶,,0
去,"KHỨ: quá khứ, trừ khử",去,,0
法,"PHÁP: pháp luật, phương pháp",去,,0
蓋,CÁI: nắp,去,,0
参,"THAM, SÂM: tham chiếu, tham quan, tham khảo",参,,0
惨,"THẢM: thảm thương, thảm sát",参,,0
又,HỰU: lại,又,,0
双,SONG: song sinh,又,,0
桑,TANG: cây dâu,又,,0
友,"HỮU: bạn hữu, hữu hảo",友,,0
抜,BẠT: rút ra,友,,0
反,"PHẢN: phản loạn, phản đối",反,,0
仮,"GIẢ: giả thuyết, giả trang, giả dối",反,,0
坂,PHẢN: cái dốc,反,,0
板,BẢN: tấm bảng,反,,0
販,"PHIẾN, PHÁN: bán, phán mại",反,,0
返,PHẢN: trả lại,反,,0
阪,"PHẢN: dốc, [địa danh]",反,,0
飯,PHẠN: cơm,反,,0
trên nhỏ,,trên nhỏ,,0
叔,"THÚC: chú, bác, thúc phụ",trên nhỏ,,0
戚,THÍCH: thân thích,trên nhỏ,,0
寂,"TỊCH: cô tịch, tịch mịch",trên nhỏ,,0
淑,THỤC: hiền thục,trên nhỏ,,0
督,"ĐỐC: giám đốc, đôn đốc",trên nhỏ,,0
取,"THỦ: lấy, nhận",取,,0
趣,"THÚ: hứng thú, thú vị",取,,0
受,"THỤ: nhận, tiếp thụ",受,,0
授,"THỤ: đưa cho, truyền thụ, giáo thụ",受,,0
叚,叚,叚,,0
暇,HẠ: nhàn hạ,叚,,0
古,"CỐ: cũ, cổ điển, đồ cổ",古,,0
故,"CỐ: cố tổng thống, lí do",古,,0
枯,KHÔ: khô khát,古,,0
湖,HỒ: ao hồ,古,,0
苦,"KHỔ: khổ cực, cùng khổ",古,,0
句,CÚ: câu cú,句,,0
局,"CỤC: cục diện, cục kế hoạch",句,,0
拘,CÂU: câu thúc,句,,0
駒,CÂU: ngựa non,句,,0
召,TRIỆU: triệu tập,召,,0
招,CHIÊU: chiêu đãi,召,,0
沼,CHIỂU: đầm lầy,召,,0
紹,THIỆU: giới thiệu,召,,0
詔,CHIẾU: chiếu chỉ của vua,召,,0
可,"KHẢ: có thể, khả năng, khả dĩ",可,,0
歌,"CA: ca dao, ca khúc",可,,0
河,"HÀ: sông, sơn hà",可,,0
苛,HÀ: hà khắc,可,,0
台,"ĐÀI: lâu đài, đài",台,,0
冶,DÃ: tan chảy,台,,0
始,"THỦY: ban đầu, khai thủy, nguyên thủy",台,,0
怠,ĐÃI: lười biếng,台,,0
治,"TRỊ, TRÌ: cai trị, trị an, trị bệnh",台,,0
胎,THAI: bào thai,台,,0
司,"TƯ, TY: công ti, tư lệnh",司,,0
伺,"TÝ, TỨ: hỏi thăm",司,,0
嗣,TỰ: thừa kế,司,,0
詞,TỪ: ca từ,司,,0
飼,TỰ: nuôi,司,,0
名,"DANH: danh tính, địa danh",名,,0
銘,MINH: khắc,名,,0
各,"CÁC: các, mỗi",各,,0
格,"CÁCH: tư cách, cách thức, sở hữu cách",各,,0
略,"LƯỢC: tỉnh lược, xâm lược",各,,0
絡,LẠC: liên lạc,各,,0
落,"LẠC: rơi, lạc hạ, trụy lạc",各,,0
賂,LỘ: hối lộ,各,,0
酪,"LẠC: sản phẩm sữa, nước quả ép",各,,0
閣,CÁC: nội các,各,,0
客,"KHÁCH: hành khách, thực khách",客,,0
額,"NGẠCH: trán, giá tiền, hạn ngạch, kim ngạch",客,,0
合,"HỢP: góp lại, thích hợp, hợp lí",合,,0
塔,THÁP: tòa tháp,合,,0
拾,THẬP: nhặt,合,,0
搭,ĐÁP: chất lên xe,合,,0
答,"ĐÁP: trả lời, vấn đáp, đáp ứng",合,,0
給,"CẤP: cung cấp, cấp phát",合,,0
吉,"CÁT: tốt lành, cát tường",吉,,0
結,"KẾT: đoàn kết, kết thúc",吉,,0
舗,PHỐ: phố xá,吉,,0
詰,CẬT: đóng hộp,吉,,0
同,"ĐỒNG: đồng nhất, tương đồng",同,,0
洞,ĐỘNG: hang động,同,,0
筒,ĐỒNG: cái ống,同,,0
胴,ĐỖNG: thân hình,同,,0
銅,ĐỒNG: chất đồng,同,,0
史,"SỬ: lịch sử, sử sách",史,,0
吏,"LẠI: quan lại, thư lại",史,,0
使,"SỬ, SỨ: sử dụng",史,,0
君,"QUÂN: quân chủ, quân vương",君,,0
群,"QUẦN: quần chúng, quần thể",君,,0
郡,QUẬN: quận,君,,0
吾,吾,君,,0
悟,NGỘ: tỉnh ngộ,君,,0
語,"NGỮ: ngôn ngữ, từ ngữ",君,,0
呂,"LỮ, LÃ: âm luật",呂,,0
侶,LỮ: tăng lữ,呂,,0
営,"DOANH, DINH: doanh nghiệp, kinh doanh, doanh trại",呂,,0
宮,CUNG: cung điện,呂,,0
呈,"TRÌNH: trình bày, đệ trình",呈,,0
程,"TRÌNH: trình độ, lộ trình, công trình",呈,,0
呉,"NGÔ: triều Ngô, Trung quốc",呉,,0
娯,"NGU: vui chơi, ngu lạc",呉,,0
虞,NGU: lo lắng,呉,,0
誤,NGỘ: ngộ nhận,呉,,0
告,"CÁO, CỐC: báo cáo, thông cáo",告,,0
造,"TẠO: chế tạo, sáng tạo",告,,0
酷,KHỐC: tàn khốc,告,,0
周,"CHU, CHÂU: chu vi, chu biên",周,,0
彫,ĐIÊU: điêu khắc,周,,0
調,"ĐIỆU, ĐIỀU: điều tra, điều hòa",周,,0
週,CHU: tuần,周,,0
咨,咨,咨,,0
諮,TƯ: tư vấn,咨,,0
咼,咼,咼,,0
渦,"QUA, OA: dòng xoáy",咼,,0
禍,HOẠ: tai họa,咼,,0
過,"QUÁ, QUA: thông qua",咼,,0
鍋,OA: nồi,咼,,0
品,PHẨM: sản phẩm,品,,0
操,"THAO, THÁO: thao tác",品,,0
燥,TÁO: can táo,品,,0
繰,SÀO,品,,0
臨,"LÂM, LẤM: lâm thời",品,,0
員,"VIÊN: thành viên, nhân viên",員,,0
損,"TỔN: tổn hại, tổn thương",員,,0
韻,"VẬN: vần, âm vận",員,,0
唐,"ĐƯỜNG: nhà Đường, Trung quốc",唐,,0
糖,ĐƯỜNG: đường,唐,,0
啇,啇,啇,,0
嫡,"ĐÍCH: chính thê, đích tôn",啇,,0
適,THÍCH: thích hợp,啇,,0
摘,"TRÍCH: hái, trích yếu",啇,,0
敵,ĐỊCH: quân địch,啇,,0
滴,"TÍCH, TRÍCH: giọt nước",啇,,0
善,"THIỆN: thiện ác, từ thiện",善,,0
繕,THIỆN: cải thiện,善,,0
膳,THIỆN: bữa ăn,善,,0
喬,喬,喬,,0
橋,KIỀU: cây cầu,喬,,0
矯,"KIỂU: sửa cho đúng, kiểu chính",喬,,0
囗,囗,囗,,0
囚,TÙ: tù nhân,囗,,0
四,"TỨ: 4, số bốn, tứ chi",囗,,0
団,"ĐOÀN: đoàn kết, đoàn đội",囗,,0
困,KHỐN: khốn cùng,囗,,0
菌,KHUẨN: vi khuẩn,囗,,0
回,"HỒI: vu hồi, chương hồi",回,,0
壇,ĐÀN: diễn đàn,回,,0
因,NHÂN: nguyên nhân,因,,0
咽,"YẾT, YÊN: cổ họng",因,,0
姻,NHÂN: hôn nhân,因,,0
恩,ÂN: ân huệ,因,,0
固,"CỐ: ngoan cố, cố thủ",固,,0
個,"CÁ: cá nhân, cá thể",固,,0
箇,"CÁ: cá thể, cá nhân",固,,0
錮,CỐ: giam,固,,0
土,"THỔ: thổ địa, thổ công",土,,0
吐,"THỔ: thổ huyết, thổ lộ",土,,0
均,"QUÂN: quân bình, quân nhất",土,,0
圧,"ÁP: áp lực, trấn áp",土,,0
圣,圣,圣,,0
径,KÍNH: bán kính,圣,,0
怪,"QUÁI: kì quái, quái vật",圣,,0
経,"KINH: kinh tế, sách kinh, kinh độ",圣,,0
茎,HÀNH: thân cây cỏ,圣,,0
軽,"KHINH: khinh suất, khinh khi",圣,,0
圥,圥,圥,,0
睦,MỤC: hòa mục,圥,,0
陵,LĂNG: lăng tẩm,圥,,0
陸,"LỤC: lục địa, lục quân",圥,,0
圭,圭,圭,,0
佳,GIAI: giai nhân,圭,,0
封,PHONG: phong kiến,圭,,0
崖,NHAI: vách đá,圭,,0
掛,QUẢI: treo,圭,,0
涯,NHAI: sinh nhai,圭,,0
坐,坐,坐,,0
座,"TOẠ: chỗ ngồi, tọa đàm, tọa độ",坐,,0
挫,TOẢ: vấp ngã,坐,,0
垂,THUỲ: rủ xuống,垂,,0
唾,THOÁ: nước bọt,垂,,0
睡,"THUỴ: ngủ, thụy miên",垂,,0
華,HOA: Trung Hoa,垂,,0
郵,BƯU: bưu điện,垂,,0
執,CHẤP: cố chấp,執,,0
摯,CHÍ: tới,執,,0
堇,堇,堇,,0
僅,CẬN: chút xíu,堇,,0
勤,"CẦN: chuyên cần, cần lao",堇,,0
嘆,"THÁN: ca thán, cảm thán",堇,,0
漢,HÁN: hảo hán,堇,,0
謹,CẨN: kính cẩn,堇,,0
難,"NAN, NẠN: khó, nan giải, nguy nan",堇,,0
士,"SĨ: chiến sĩ, sĩ tử, bác sĩ",士,,0
仕,SĨ: làm việc,士,,0
款,KHOẢN: điều khoản,士,,0
穀,CỐC: ngũ cốc,士,,0
壬,壬,壬,,0
妊,NHÂM: mang thai,壬,,0
淫,DÂM: dâm đãng,壬,,0
壮,TRÁNG: cường tráng,壮,,0
荘,TRANG: trang trại,壮,,0
装,"TRANG: trang phục, hóa trang, trang bị",壮,,0
売,MẠI: thương mại,売,,0
続,TỤC: tiếp tục,売,,0
読,"ĐỘC: độc giả, độc thư",売,,0
壴,壴,壴,,0
喜,HỈ: vui,壴,,0
樹,"THỤ: cây, cổ thụ",壴,,0
膨,BÀNH: bành chướng,壴,,0
鼓,CỔ: cái trống,壴,,0
夆,夆,夆,,0
峰,PHONG: đỉnh núi,夆,,0
縫,PHÙNG: may vá,夆,,0
蜂,PHONG: con ong,夆,,0
夋,夋,夋,,0
唆,TOA: xúi giục,夋,,0
复,复,复,,0
腹,PHÚC: bụng,复,,0
複,PHỨC: phức tạp,复,,0
夕,TỊCH: tịch dương,夕,,0
外,"NGOẠI: ngoài, ngoại thành, ngoại đạo",夕,,0
夢,MỘNG: mơ,夕,,0
怨,OÁN: hận,夕,,0
多,ĐA: đa số,多,,0
移,"DI, SỈ: di chuyển, di động",多,,0
夜,"DẠ: ban đêm, dạ cảnh, dạ quang",夜,,0
液,DỊCH: dung dịch,夜,,0
大,"ĐẠI: to lớn, đại dương, đại lục",大,,0
器,"KHÍ: khí cụ, cơ khí, dung khí",大,,0
天,"THIÊN: thiên thạch, thiên nhiên, thiên đường",天,,0
奏,TẤU: diễn tấu,天,,0
添,THIÊM: thêm vào,天,,0
蚕,"TẰM, TÀM: con tằm",天,,0
夭,夭,夭,,0
妖,YÊU: yêu quái,夭,,0
沃,ỐC: rót vào,夭,,0
笑,TIẾU: cười,夭,,0
夫,"PHU, PHÙ: trượng phu, phu phụ",夫,,0
扶,"PHÙ: phù hộ, phù trợ",夫,,0
渓,"KHÊ: thung lũng, khê cốc",夫,,0
賛,"TÁN: tán đồng, tán thành",夫,,0
太,"THÁI: thái dương, thái bình",太,,0
汰,"THÁI, THẢI: lâu, đào thải",太,,0
駄,ĐÀ: thồ hàng,太,,0
夬,夬,夬,,0
快,KHOÁI: khoái lạc,夬,,0
決,QUYẾT: quyết định,夬,,0
央,ƯƠNG: trung ương,央,,0
映,ÁNH: phản ánh,央,,0
英,"ANH: anh hùng, anh tú, anh tuấn",央,,0
失,"THẤT: thất nghiệp, thất bại",失,,0
秩,TRẬT: trật tự,失,,0
迭,ĐIỆT: luân phiên,失,,0
鉄,"THIẾT: sắt, thiết đạo, thiết giáp",失,,0
2 chồng giữa,,2 chồng giữa,,0
峡,"HẠP, GIÁP: đường núi hẹp",2 chồng giữa,,0
挟,HIỆP: kẹp,2 chồng giữa,,0
狭,HIỆP: hẹp,2 chồng giữa,,0
頬,GIÁP,2 chồng giữa,,0
奇,"KÌ, CƠ: kì lạ, kì diệu",奇,,0
埼,KỲ: (tên tỉnh) Saitama,奇,,0
寄,"KÝ: kí gửi, kí sinh",奇,,0
崎,KHI: mũi đất,奇,,0
椅,"Y, Ỷ: ghế",奇,,0
騎,KỴ: kị sĩ,奇,,0
奉,"PHỤNG: phụng dưỡng, cung phụng",奉,,0
俸,"BỔNG: lương bổng, bổng lộc",奉,,0
棒,BỔNG: cái gậy,奉,,0
奐,奐,奐,,0
喚,HOÁN: hô hoán,奐,,0
換,HOÁN: giao hoán,奐,,0
契,KHẾ: khế ước,契,,0
喫,"KHIẾT: uống, hút",契,,0
女,NỮ: phụ nữ,女,,0
如,NHƯ: như thế,女,,0
宴,YẾN: yến tiệc,女,,0
妻,THÊ: thê tử,妻,,0
凄,THÊ: sugoi,妻,,0
委,"ỦY, UY: ủy viên, ủy ban, ủy thác",委,,0
萎,"NUY, UY: suy yếu",委,,0
了,"LIỄU: kết liễu, liễu giải",了,,0
承,THỪA: thừa nhận,了,,0
子,"TỬ, TÍ: tử tôn, phần tử, phân tử, nguyên tử",子,,0
勃,BỘT: bùng phát,子,,0
厚,"HẬU: nồng hậu, hậu tạ",子,,0
好,HẢO: hữu hảo,子,,0
字,"TỰ: chữ, văn tự",子,,0
季,QUÝ: mùa,子,,0
遊,"DU: du hí, du lịch",子,,0
予,"DỰ, DỮ: dự đoán, dự báo",予,,0
序,TỰ: trình tự,予,,0
野,"DÃ: cánh đồng, hoang dã, thôn dã",予,,0
預,DỰ: gửi,予,,0
孚,孚,孚,,0
乳,NHŨ: nhũ mẫu,孚,,0
浮,"PHÙ: nổi, phù du",孚,,0
孝,HIẾU: hiếu thảo,孝,,0
教,"GIÁO: giáo dục, giáo viên",孝,,0
酵,DIẾU: lên men,孝,,0
孫,"TÔN, TỐN: con cháu",孫,,0
遜,TỐN: khiêm tốn,孫,,0
守,"THỦ: cố thủ, bảo thủ",守,,0
狩,THÚ: săn bắn,守,,0
安,"AN: an bình, an ổn",安,,0
案,"ÁN: luận án, đề án",安,,0
完,"HOÀN: hoàn thành, hoàn toàn",完,,0
院,"VIỆN: học viện, y viện",完,,0
宗,TÔNG: tôn giáo,宗,,0
崇,"SÙNG: tôn sùng, sùng bái",宗,,0
踪,TUNG: tung tích,宗,,0
官,QUAN: quan lại,官,,0
棺,QUAN: quan tài,官,,0
管,"QUẢN: ống, mao quản, quản lí",官,,0
館,"QUÁN: đại sứ quán, hội quán",官,,0
定,"ĐỊNH: thiết định, quyết định, định mệnh",定,,0
綻,TRÁN: hủy diệt,定,,0
錠,"ĐĨNH: viên thuốc, khóa",定,,0
宛,UYỂN: gửi tới,宛,,0
腕,OẢN: cánh tay,宛,,0
害,"HẠI: có hại, độc hại, lợi hại",害,,0
割,"CÁT: chia cắt, cát cứ",害,,0
轄,HẠT: địa hạt,害,,0
家,"GIA: gia đình, chuyên gia",家,,0
嫁,GIÁ: đi lấy chồng,家,,0
稼,GIÁ: kiếm tiền,家,,0
容,"DUNG: dung mạo, hình dung, nội dung, dung nhận",容,,0
溶,DUNG: dung dịch,容,,0
宿,"TÚC: tá túc, kí túc xá",宿,,0
縮,SÚC: co lại,宿,,0
寅,寅,寅,,0
演,"DIỄN: diễn viên, biểu diễn, diễn giả",寅,,0
寉,寉,寉,,0
鶴,HẠC,寉,,0
察,"SÁT: quan sát, giám sát, cảnh sát",察,,0
擦,SÁT: trà sát,察,,0
寸,THỐN: thước đo,寸,,0
村,"THÔN: thôn xã, thôn làng",寸,,0
肘,TRỬU: khuỷu tay,寸,,0
討,"THẢO: thảo phạt, thảo luận, kiểm thảo",寸,,0
寺,TỰ: chùa,寺,,0
侍,"THỊ: người hầu, thị lang",寺,,0
待,"ĐÃI: đợi, đối đãi",寺,,0
持,"TRÌ: cầm, duy trì",寺,,0
時,"THÌ, THỜI: giờ, thời gian, thời đại",寺,,0
特,"ĐẶC: đặc biệt, đặc công",寺,,0
等,"ĐẲNG: bình đẳng, đẳng cấp",寺,,0
詩,THI: thi phú,寺,,0
寿,"THỌ: trường thọ, tổi thọ",寿,,0
鋳,CHÚ: đúc,寿,,0
専,"CHUYÊN: chuyên môn, chuyên quyền",専,,0
chuyên 1 phẩy,,chuyên 1 phẩy,,0
尃,尃,chuyên 1 phẩy,,0
博,BÁC: uyên bác,chuyên 1 phẩy,,0
縛,PHƯỢC,chuyên 1 phẩy,,0
簿,"BỘ, BẠC: danh bộ",chuyên 1 phẩy,,0
薄,"BẠC: mỏng, bạc mệnh",chuyên 1 phẩy,,0
射,XẠ: xạ thủ,射,,0
謝,"TẠ: cảm tạ, tạ lỗi",射,,0
将,"TƯƠNG, TƯỚNG: tướng quân",将,,0
奨,TƯỞNG: tưởng thưởng,将,,0
尉,"UÝ: cấp úy, trung úy",尉,,0
慰,"ỦY, ÚY: úy lạo, an úy",尉,,0
尊,TÔN: tôn trọng,尊,,0
遵,"TUÂN: tuân theo, tuân phục",尊,,0
小,"TIỂU: nhỏ, ít",小,,0
少,"THIỂU, THIẾU: thiếu niên",少,,0
劣,LIỆT: thua kém,少,,0
妙,"DIỆU: kì diệu, diệu kế",少,,0
抄,"SAO: viết rõ ràng, tổng kết",少,,0
沙,"SA, SÁ: cát mịn",少,,0
省,"TỈNH: tỉnh lược, phản tỉnh, hồi tỉnh",少,,0
砂,SA: cát,少,,0
秒,MIỂU: giây (1/60 phút),少,,0
賓,"TÂN: tân khách, tiếp tân",少,,0
尓,尓,尓,,0
弥,MY: đi qua,尓,,0
称,"XƯNG: xưng tên, danh xưng",尓,,0
尚,THƯỢNG: cao thượng,尚,,0
党,ĐẢNG: đảng phái,尚,,0
堂,"ĐƯỜNG: thực đường, thiên đường",尚,,0
常,"THƯỜNG: bình thường, thông thường",尚,,0
掌,CHƯỞNG: lòng bàn tay,尚,,0
尞,尞,尞,,0
僚,"LIÊU: đồng liêu, quan liêu",尞,,0
寮,LIÊU: kí túc xá,尞,,0
療,LIỆU: trị liệu,尞,,0
瞭,LIỆU: sáng rõ,尞,,0
尤,尤,尤,,0
稽,"KÊ, KHỂ: nghĩ",尤,,0
尭,尭,尭,,0
暁,HIỂU: bình minh,尭,,0
焼,THIÊU: thiêu đốt,尭,,0
就,TỰU: thành tựu,就,,0
蹴,XÚC: đá,就,,0
尸,尸,尸,,0
刷,XOÁT: ấn loát,尸,,0
尿,NIỆU: niệu đạo,尸,,0
眉,MY: lông mày,尸,,0
声,"THANH: âm thanh, thanh điệu",尸,,0
展,"TRIỂN: triển khai, phát triển, triển lãm",尸,,0
尺,XÍCH: thước,尺,,0
尽,"TẪN, TẬN: tận lực",尺,,0
択,TRẠCH: tuyển trạch,尺,,0
沢,TRẠCH: đầm lầy,尺,,0
訳,"DỊCH: thông dịch, phiên dịch",尺,,0
駅,DỊCH: ga,尺,,0
尼,NI: ni cô,尼,,0
泥,"NÊ, NỆ: bùn",尼,,0
居,CƯ: cư trú,居,,0
据,"CỨ: đặt, để",居,,0
裾,"CƯ, CỨ: viền áo",居,,0
屈,"KHUẤT, QUẬT: khuất phục",屈,,0
堀,QUẬT: mương,屈,,0
窟,QUẬT: hố sâu,屈,,0
屋,ỐC: phòng ốc,屋,,0
握,ÁC: nắm,屋,,0
属,"CHÚC, THUỘC: phụ thuộc",属,,0
嘱,CHÚC: dặn,属,,0
屯,"TRUÂN, ĐỒN: đồn trú",屯,,0
純,"THUẦN: đơn thuần, thuần khiết",屯,,0
鈍,ĐỘN: ngu độn,屯,,0
頓,ĐỐN: chỉnh đốn,屯,,0
屰,屰,屰,,0
塑,TỐ: đắp tượng,屰,,0
逆,NGHỊCH: phản nghịch,屰,,0
遡,TỐ: lần về,屰,,0
山,"SƠN, SAN: núi, sơn hà",山,,0
仙,TIÊN: thần tiên,山,,0
催,"THÔI: tổ chức, khai thôi, thôi thúc",山,,0
岡,CƯƠNG: đồi,岡,,0
剛,CƯƠNG: cứng,岡,,0
綱,CƯƠNG: kỉ cương,岡,,0
鋼,CƯƠNG: gang,岡,,0
巛,巛,巛,,0
巡,TUẦN: tuần tra,巛,,0
拶,TẠT: chào,巛,,0
災,TAI: tai họa,巛,,0
川,XUYÊN: sông,川,,0
訓,HUẤN: huấn luyện,川,,0
順,"THUẬN: tòng thuận, thuận tự",川,,0
州,"CHÂU: tỉnh, bang, châu lục",州,,0
酬,THÙ: thù lao,州,,0
左,"TẢ: bên trái, tả hữu, cánh tả",左,,0
佐,"TÁ: phò tá, trợ tá",左,,0
惰,NOẠ: lười biếng,左,,0
巨,"CỰ: to lớn, cự đại, cự phách",巨,,0
拒,CỰ: cự tuyệt,巨,,0
距,CỰ: cự li,巨,,0
己,"KỶ: tự kỉ, vị kỉ",己,,0
妃,PHI: phi tần,己,,0
忌,"KỴ: ghét, kiêng kị, cấm kị",己,,0
改,"CẢI: cải cách, cải chính",己,,0
紀,"KỈ: thế kỉ, kỉ nguyên",己,,0
記,"KÝ, KỶ: thư kí, kí sự, kí ức",己,,0
配,"PHỐI: phân phối, chi phối, phối ngẫu",己,,0
巴,巴,巴,,0
把,BẢ: cầm,巴,,0
肥,PHÌ: phì nhiêu,巴,,0
巷,巷,巷,,0
港,"CẢNG: hải cảng, không cảng",巷,,0
巻,"QUYỂN, QUYỀN: quyển sách",巻,,0
圏,"QUYỂN, KHUYÊN: khí quyển",巻,,0
巽,巽,巽,,0
選,TUYỂN: tuyển chọn,巽,,0
市,"THỊ: thành thị, thị trường",市,,0
姉,TỈ: chị gái,市,,0
柿,THỊ: cây hồng,市,,0
肺,PHẾ: phổi,市,,0
布,"BỐ: vải, tuyên bố",布,,0
希,"HI: hi hữu, hi vọng",布,,0
怖,"PHỐ, BỐ: khủng bố",布,,0
帚,帚,帚,,0
帰,QUY: hồi quy,帚,,0
帝,ĐẾ: hoàng đế,帝,,0
締,ĐẾ: buộc,帝,,0
諦,ĐẾ: bỏ cuộc,帝,,0
帯,"ĐỚI: nhiệt đới, ôn đới",帯,,0
滞,TRỆ: đình trệ,帯,,0
干,CAN: khô,干,,0
刊,"KHAN, SAN: tuần san, chuyên san",干,,0
岸,NGẠN: hải ngạn,干,,0
汗,"HÃN, HÀN: mồ hôi",干,,0
肝,CAN: tâm can,干,,0
軒,HIÊN,干,,0
平,"BÌNH: hòa bình, bình đẳng, trung bình, bình thường",平,,0
坪,BÌNH: 36 feet vuông,平,,0
評,"BÌNH: bình luận, phê bình",平,,0
并,并,并,,0
併,TÍNH: thôn tính,并,,0
塀,BIÊN: hàng rào,并,,0
餅,"BÍNH: bánh dày, bánh mochi",并,,0
幺,幺,幺,,0
幻,"HUYỄN, ẢO: huyễn hoặc",幺,,0
幼,"ẤU: ấu trĩ, thơ ấu",幺,,0
幽,"U: tối tăm, u tối",幺,,0
後,"HẬU: sau, hậu quả, hậu sự",幺,,0
畿,KỲ: kinh kì,幺,,0
幾,"KI, KỈ: hình học",幾,,0
機,"CƠ, KI: cơ khí, thời cơ, phi cơ",幾,,0
广,广,广,,0
床,SÀNG: giường,广,,0
応,"ƯNG: đáp ứng, ứng đối, phản ứng",广,,0
広,"QUẢNG: quảng trường, quảng đại",広,,0
拡,"KHOÁNG, KHUẾCH: khuếch đại",広,,0
鉱,KHOÁNG: khai khoáng,広,,0
府,PHỦ: chính phủ,府,,0
腐,HỦ: hủ bại,府,,0
度,"ĐỘ: mức độ, quá độ, độ lượng",度,,0
渡,"ĐỘ: đi qua, truyền tay",度,,0
庶,THỨ: thứ dân,庶,,0
遮,GIÀ: cản trở,庶,,0
延,"DIÊN, DUYÊN: trì hoãn",延,,0
誕,ĐẢN: sinh ra,延,,0
廷,"ĐÌNH: pháp đình, triều đình",廷,,0
庭,"ĐÌNH: triều đình, gia đình",廷,,0
艇,ĐĨNH: thuyền nhỏ,廷,,0
建,"KIẾN: kiến thiết, kiến tạo",建,,0
健,"KIỆN: khỏe mạnh, kiện khang, tráng kiện",建,,0
鍵,KIỆN: chìa khóa,建,,0
廾,廾,廾,,0
弁,"BIỆN: hùng biện, biện luận",廾,,0
算,"TOÁN: tính toán, kế toán, toán học",廾,,0
开,开,开,,0
刑,"HÌNH: hình phạt, tử hình",开,,0
型,"HÌNH: khuôn hình, mô hình",开,,0
形,"HÌNH: hình thức, hình hài, định hình",开,,0
研,"NGIÊN: mài, nghiên cứu",开,,0
開,"KHAI: khai mạc, khai giảng",开,,0
代,"ĐẠI: đại biểu, thời đại, đại diện, đại thế",代,,0
袋,ĐẠI: cái túi,代,,0
貸,THẢI: cho mượn,代,,0
弐,NHỊ: số hai (thay cho 二 trên tiền giấy),弐,,0
式,"THỨC: hình thức, phương thức, công thức",式,,0
拭,THỨC: lau,式,,0
試,"THÍ: thí nghiệm, thí điểm",式,,0
弓,CUNG: cái cung,弓,,0
引,DẪN: dẫn hỏa,弓,,0
強,"CƯỜNG, CƯỠNG: cường quốc",弓,,0
弔,"ĐIẾU, ĐÍCH: phúng điếu",弔,,0
弟,ĐỆ: đệ tử,弔,,0
第,"ĐỆ: đệ nhất, đệ nhị",弔,,0
弗,弗,弗,,0
沸,PHÍ: đun sôi,弗,,0
費,"PHÍ: học phí, lộ phí, chi phí",弗,,0
弱,"NHƯỢC: nhược điểm, nhược tiểu",弱,,0
溺,"NỊCH, NIỆU: chết đuối",弱,,0
彡,彡,彡,,0
彩,"THẢI, THÁI: sắc thái",彡,,0
杉,SAM: cây sam,彡,,0
珍,"TRÂN: trân trọng, trân quý",彡,,0
診,CHẨN: chẩn đoán,彡,,0
須,TU: cần thiết,彡,,0
彦,彦,彦,,0
顔,"NHAN: nhan sắc, hồng nhan",彦,,0
従,"TÒNG: phục tùng, tùy tùng, tòng thuận",従,,0
縦,"TÚNG, TUNG: tung hoành, tung độ",従,,0
復,"PHỤC, PHÚC: phục thù, hồi phục",復,,0
履,"LÝ: đi, mặc",復,,0
覆,"PHÚC, PHÚ: đậy",復,,0
bị đè đánh ở núi,,bị đè đánh ở núi,,0
徴,"TRƯNG: đặc trưng, tượng trưng",bị đè đánh ở núi,,0
懲,TRỪNG: trừng phạt,bị đè đánh ở núi,,0
微,"VI: hiển vi, vi sinh vật",bị đè đánh ở núi,,0
必,"TẤT: tất nhiên, tất yếu",必,,0
密,"MẬT: bí mật, mật độ",必,,0
泌,"BÍ: rỉ ra, tiết ra",必,,0
秘,"BÍ: tất nhiên, tất yếu",必,,0
蜜,MẬT: mật ong,必,,0
刃,NHẬN: lưỡi dao,刃,,0
忍,"NHẪN: tàn nhẫn, nhẫn nại",刃,,0
認,"NHẬN: xác nhận, nhận thức",刃,,0
志,"CHÍ: ý chí, chí nguyện",志,,0
誌,CHÍ: tạp chí,志,,0
念,"NIỆM: ý niệm, tưởng niệm",念,,0
捻,NIỆP: trật khớp,念,,0
思,"TƯ: nghĩ, suy tư, tư tưởng, tư duy",思,,0
慮,"LỰ: tư lự, khảo lự",思,,0
恵,HUỆ: ân huệ,恵,,0
穂,TUỆ: tai,恵,,0
愈,愈,愈,,0
癒,DŨ: chữa bệnh,愈,,0
意,"Ý: ý nghĩa, ý thức, ý kiến, chú ý",意,,0
億,ỨC: trăm triệu,意,,0
憶,ỨC: kí ức,意,,0
臆,ỨC: ngực,意,,0
愛,"ÁI: yêu, ái tình, ái mộ",愛,,0
曖,ÁI: mơ hồ,愛,,0
感,"CẢM: cảm giác, cảm xúc, cảm tình",感,,0
憾,HÁM: hối hận,感,,0
憂,ƯU: ưu phiền,憂,,0
優,"ƯU: ưu việt, ưu thế, ưu tiên",憂,,0
戈,戈,戈,,0
域,"VỰC: khu vực, lĩnh vực",戈,,0
惑,HOẶC: nghi hoặc,戈,,0
栽,TÀI: trồng,戈,,0
箋,TIÊN: đơn thuốc,戈,,0
裁,"TÀI: may vá, tài phán, trọng tài",戈,,0
賊,"TẶC: trộm cướp, đạo tặc",戈,,0
載,"TÁI, TẢI: đăng tải",戈,,0
戉,戉,戉,,0
越,"VIỆT: vượt qua, việt vị",戉,,0
戊,戊,戊,,0
茂,MẬU: mọc sum suê,戊,,0
戍,戍,戍,,0
威,"UY: uy nghi, uy nghiêm",戍,,0
歳,"TUẾ: tuổi, năm, tuế nguyệt",戍,,0
減,"GIẢM: gia giảm, giảm",戍,,0
滅,DIỆT: diệt vong,戍,,0
蔑,MIỆT: khinh,戍,,0
成,"THÀNH: thành tựu, hoàn thành, trở thành",成,,0
城,"THÀNH: thành phố, thành quách",成,,0
盛,"THỊNH: thịnh vượng, hưng thịnh",成,,0
誠,THÀNH: thành thực,成,,0
我,NGÃ: bản ngã,我,,0
餓,NGÃ: đói,我,,0
戒,GIỚI: cảnh giới,戒,,0
械,GIỚI: cơ giới,戒,,0
戔,戔,戔,,0
桟,SẠN: giá để đồ,戔,,0
浅,THIỂN: thiển cận,戔,,0
践,TIỄN: thực tiễn,戔,,0
銭,TIỀN: tiền bạc,戔,,0
戠,戠,戠,,0
織,CHỨC: dệt,戠,,0
職,"CHỨC: chức vụ, từ chức",戠,,0
識,"THỨC, CHÍ: nhận thức, kiến thức, tri thức",戠,,0
戸,HỘ: hộ khẩu,戸,,0
啓,KHẢI: nói,戸,,0
房,PHÒNG: phòng ở,戸,,0
所,SỞ: trụ sở,戸,,0
炉,LÔ: lò,戸,,0
肩,KIÊN: vai,戸,,0
戻,LỆ: quay lại,戻,,0
涙,LỆ: nước mắt,戻,,0
才,TÀI: tài năng,才,,0
材,TÀI: tài liệu,才,,0
財,"TÀI: tiền tài, tài sản",才,,0
閉,"BẾ: bế mạc, bế quan",才,,0
折,"CHIẾT: bẻ gãy, chiết suất",折,,0
哲,TRIẾT: triết học,折,,0
誓,THỆ: tuyên thệ,折,,0
逝,THỆ: chết,折,,0
支,"CHI: chi nhánh, chi trì (ủng hộ)",支,,0
伎,KỸ: kỹ năng,支,,0
岐,KỲ: đường núi,支,,0
技,"KỸ: kĩ thuật, kĩ nghệ",支,,0
枝,CHI: chi nhánh,支,,0
肢,"CHI: tay chân, tứ chi",支,,0
攵,攵,攵,,0
敗,BẠI: thất bại,攵,,0
枚,MAI: tờ,攵,,0
放,"PHÓNG: giải phóng, phóng hỏa, phóng lao",放,,0
倣,PHỎNG: mô phỏng,放,,0
敏,MẪN: mẫn cảm,敏,,0
繁,PHỒN: phồn vinh,敏,,0
敝,敝,敝,,0
幣,TỆ: tiền tệ,敝,,0
弊,"TỆ: tệ hại, tệ xá",敝,,0
蔽,TẾ: che phủ,敝,,0
敢,"CẢM: dám, dũng cảm",敢,,0
厳,"NGHIÊM: tôn nghiêm, nghiêm khắc, nghiêm trọng",敢,,0
敬,KÍNH: kính yêu,敬,,0
警,"CẢNH: cảnh báo, cảnh sát, cảnh vệ",敬,,0
驚,"KINH: kinh ngạc, kinh sợ",敬,,0
文,"VĂN: văn chương, văn học",文,,0
対,"ĐỐI: đối diện, phản đối, đối với",文,,0
斎,TRAI: trai giới,文,,0
斑,BAN: nốt ban,文,,0
紋,VĂN: hoa văn,文,,0
蚊,VĂN: con muỗi,文,,0
斗,"ĐẤU, ĐẨU: một đấu",斗,,0
図,"ĐỒ: bản đồ, đồ án, địa đồ",斗,,0
料,"LIỆU: nguyên liệu, tài liệu, nhiên liệu",斗,,0
斜,TÀ: nghiêng,斗,,0
科,"KHOA: khoa học, chuyên khoa",斗,,0
斤,"CÂN: cân (kilo), cái rìu",斤,,0
匠,TƯỢNG: nghệ nhân,斤,,0
析,TÍCH: phân tích,斤,,0
祈,KỲ: cầu nguyện,斤,,0
質,"CHẤT: vật chất, phẩm chất, khí chất",斤,,0
近,"CẬN: thân cận, cận thị, cận cảnh",斤,,0
斥,XÍCH: bài xích,斥,,0
訴,"TỐ: tố cáo, tố tụng",斥,,0
斬,TRẢM: cắt,斬,,0
暫,TẠM: tạm thời,斬,,0
漸,"TIỆM, TIÊM: dần dần, tiệm cận",斬,,0
新,"TÂN: mới, cách tân, tân thời",新,,0
薪,TÂN: củi,新,,0
方,"PHƯƠNG: phương hướng, phương pháp",方,,0
傍,"BÀNG, BẠNG: bàng quan",方,,0
傲,NGẠO: mạn,方,,0
坊,PHƯỜNG: phường,方,,0
妨,PHƯƠNG: phương hại,方,,0
紡,PHƯỞNG: dệt,方,,0
肪,"PHƯƠNG: béo, phương phi",方,,0
芳,PHƯƠNG: thơm,方,,0
訪,PHÓNG: phóng sự,方,,0
防,"PHÒNG: phòng vệ, phòng bị, đề phòng",防,,0
无,无,无,,0
慨,"KHÁI: khảng khái, phẫn khái",无,,0
既,KÝ: đã,无,,0
概,"KHÁI: khái niệm, đại khái",无,,0
日,"NHẬT: mặt trời, ngày, sinh nhật, nhật thực",日,,0
唱,XƯỚNG: đề xướng,日,,0
晶,TINH: kết tinh,日,,0
旧,"CỰU: cũ, cựu thủ tướng, cựu binh",旧,,0
児,"NHI: nhi đồng, hài nhi",旧,,0
稲,ĐẠO: cây lúa,旧,,0
陥,HÃM: vây hãm,旧,,0
旨,CHỈ,旨,,0
指,"CHỈ: chỉ định, chỉ số",旨,,0
脂,CHI: mỡ,旨,,0
詣,NGHỆ: đi lễ chùa,旨,,0
早,"TẢO: sớm, tảo hôn",早,,0
草,THẢO: thảo mộc,早,,0
旬,TUẦN: 10 ngày,旬,,0
殉,"TUẪN: chết vì đạo, tuẫn tiết",旬,,0
明,"MINH: quang minh, minh tinh",明,,0
盟,"MINH: đồng minh, gia minh",明,,0
易,"DỊCH, DỊ: dễ, dịch chuyển",易,,0
賜,TỨ: ban tặng,易,,0
昔,TÍCH: ngày xưa,昔,,0
借,"TÁ: mượn, tá điền",昔,,0
惜,TÍCH: tiếc,昔,,0
措,"THỐ: đặt, để",昔,,0
錯,"THÁC: thác giác, thác loạn",昔,,0
昜,昜,昜,,0
傷,"THƯƠNG: tổn thương, thương tật",昜,,0
場,"TRƯỜNG: hội trường, quảng trường",昜,,0
揚,DƯƠNG: giơ lên,昜,,0
湯,"THANG, SƯƠNG: nước nóng",昜,,0
瘍,DƯƠNG: kết hạch,昜,,0
腸,"TRÀNG, TRƯỜNG: ruột",昜,,0
陽,DƯƠNG: thái dương,昜,,0
星,"TINH: hành tinh, tinh tú",星,,0
醒,TỈNH: hồi tỉnh,星,,0
昭,CHIÊU: sáng,昭,,0
照,CHIẾU: tham chiếu,昭,,0
是,"THỊ: đúng, thị phi",是,,0
堤,ĐÊ: đê điều,是,,0
提,"ĐỀ: cung cấp, đề cung",是,,0
題,"ĐỀ: đề tài, đề mục, chủ đề",是,,0
景,"CẢNH: cảnh sắc, thắng cảnh, quang cảnh",景,,0
影,ẢNH: hình ảnh,景,,0
憬,CẢNH: ngưỡng mộ,景,,0
暴,"BẠO: bạo lực, bộc lộ",暴,,0
爆,BỘC: bộc phát,暴,,0
曲,KHÚC: ca khúc,曲,,0
典,"ĐIỂN: cổ điển, điển tích",曲,,0
更,"CANH, CÁNH: canh tân",更,,0
便,TIỆN: thuận tiện,更,,0
梗,NGẠNH: tắc,更,,0
硬,"NGẠNH: cứng, ngang ngạnh",更,,0
曹,TÀO: phán xử,曹,,0
槽,TÀO: cái máng,曹,,0
遭,TAO: tao ngộ,曹,,0
曼,曼,曼,,0
慢,MẠN: ngạo mạn,曼,,0
漫,MẠN: chịu đựng,曼,,0
曽,TẰNG: từng,曽,,0
僧,TĂNG: tăng lữ,曽,,0
増,"TĂNG: tăng gia, tăng tốc",曽,,0
層,"TẰNG: hạ tầng, thượng tầng",曽,,0
憎,TĂNG: ghét,曽,,0
贈,TẶNG: hiến tặng,曽,,0
替,"THẾ: thay thế, đại thế",替,,0
潜,"TIỀM: tiềm ẩn, tiềm thức",替,,0
最,"TỐI: nhất (tối cao, tối đa)",最,,0
撮,TOÁT: chụp ảnh,最,,0
月,"NGUYỆT: mặt trăng, tháng, nguyệt san, nguyệt thực",月,,0
散,"TÁN, TẢN: phấn tán, tản mát",月,,0
絹,QUYÊN: lụa,月,,0
膝,TẤT: đầu gối,月,,0
有,"HỮU: sở hữu, hữu hạn",有,,0
堕,"ĐOẠ: rơi xuống, xa đọa",有,,0
賄,HỐI: hối lộ,有,,0
随,TUỲ: tùy tùng,有,,0
朋,朋,朋,,0
崩,BĂNG: băng hoại,朋,,0
棚,BẰNG: cái giá,朋,,0
朕,TRẪM: trẫm (nhân xưng của vua),朕,,0
騰,ĐẰNG: tăng cao,朕,,0
朝,"TRIỀU: buổi sáng, triều đình",朝,,0
嘲,TRÀO: trào lộng,朝,,0
潮,"TRIỀU, TRÀO: thủy triều",朝,,0
木,"MỘC: cây, gỗ",木,,0
休,"HƯU: hưu trí, hưu nhàn",木,,0
桜,ANH: anh đào,木,,0
漆,TẤT: sơn,木,,0
未,"VỊ, MÙI: vị thành niên, vị lai",未,,0
味,"VỊ: vị giác, mùi vị",未,,0
妹,MUỘI: em gái,未,,0
昧,MUỘI: không rõ ràng,未,,0
末,"MẠT: kết thúc, mạt vận, mạt kì",末,,0
抹,"MẠT: bột, mài thành bột",末,,0
本,"BẢN, BỔN: sách, gốc, nguyên bản, bản chất",本,,0
体,"THỂ: hình thể, thân thể, thể thao",本,,0
鉢,BÁT: cái bát,本,,0
朮,朮,朮,,0
術,"THUẬT: kĩ thuật, học thuật, nghệ thuật",朮,,0
述,THUẬT: tường thuật. tự thuật,朮,,0
朱,CHU,朱,,0
株,CHÂU: cổ phiếu,朱,,0
殊,THÙ: đặc thù,朱,,0
珠,CHÂU: châu ngọc,朱,,0
朿,朿,朿,,0
策,SÁCH: đối sách,朿,,0
束,THÚC: bó (hoa),束,,0
勅,SẮC: sắc lệnh,束,,0
瀬,LẠI: thác nước,束,,0
速,"TỐC: tốc độ, tăng tốc",束,,0
頼,LẠI: ỷ lại,束,,0
刺,"THỨ, THÍCH: thích khách",束,,0
東,ĐÔNG: phía đông,東,,0
凍,ĐỐNG: đông lạnh,東,,0
棟,ĐỐNG: tòa nhà,東,,0
練,"LUYỆN: rèn luyện, luyện tập",東,,0
錬,"LUYỆN: tinh luyện, rèn luyện",東,,0
陳,TRẦN: trần thuật,東,,0
林,"LÂM: lâm sản, lâm nghiệp",林,,0
暦,LỊCH: lịch,林,,0
森,SÂM: rừng,林,,0
歴,"LỊCH: lí lịch, lịch sử, kinh lịch",林,,0
果,"QUẢ: hoa quả, thành quả, kết quả",果,,0
巣,SÀO: sào huyệt,果,,0
彙,"VỊ, VỰNG: từ vựng",果,,0
菓,QUẢ: hoa quả,果,,0
裸,"LỎA, KHỎA: khỏa thân",果,,0
課,"KHÓA: khóa học, chính khóa",果,,0
某,MỖ: ~ nào đó,某,,0
媒,MÔI: môi giới,某,,0
謀,MƯU: âm mưu,某,,0
栗,栗,栗,,0
慄,LẬT: sợ run,栗,,0
楚,楚,楚,,0
礎,SỞ: cơ sở,楚,,0
楽,"LẠC, NHẠC: an lạc, lạc thú, âm nhạc",楽,,0
薬,DƯỢC: thuốc,楽,,0
欠,KHIẾM: khiếm khuyết,欠,,0
吹,"XUY, XÚY: thổi, cổ xúy",欠,,0
歓,HOAN: hoan nghênh,欠,,0
炊,XUY: nấu cơm,欠,,0
羨,TIỆN: ghen tị,欠,,0
軟,"NHUYỄN: mềm, nhu nhuyễn",欠,,0
次,"THỨ: thứ nam, thứ nữ",次,,0
姿,"TƯ: tư thế, tư dung, tư sắc",次,,0
恣,TỨ: tự ý,次,,0
盗,"ĐẠO: ăn trộm, đạo chích",次,,0
茨,TỲ: cây thạch nam,次,,0
資,"TƯ: tư bản, đầu tư, tư cách",次,,0
止,CHỈ: đình chỉ,止,,0
企,"XÍ: xí nghiệp, xí hoạch",止,,0
渋,SÁP: chát,止,,0
祉,CHỈ: phúc chỉ,止,,0
紫,TỬ: tử ngoại,止,,0
肯,KHẲNG: khẳng định,止,,0
雌,THƯ: con cái (con đực),止,,0
正,"CHÍNH: chính đáng, chính nghĩa, chân chính",正,,0
征,"CHINH: chinh phục, chinh phạt",正,,0
政,"CHÍNH: chính phủ, chính sách, hành chính",正,,0
整,"CHỈNH: điều chỉnh, chỉnh hình",正,,0
症,"CHỨNG: chứng bệnh, triệu chứng",正,,0
証,"CHỨNG: bằng chứng, nhân chứng, chứng nhận",正,,0
武,"VŨ, VÕ: vũ trang, vũ lực",武,,0
賦,"PHÚ: thơ phú, thiên phú",武,,0
歩,"BỘ: bộ hành, tiến bộ",歩,,0
捗,DUỆ: tiến độ = shinchoku,歩,,0
渉,"THIỆP: can thiệp, giao thiệp",歩,,0
頻,"TẦN: tần số, tần suất",歩,,0
死,"TỬ: tử thi, tự tử",死,,0
葬,TÁNG: an táng,死,,0
殳,殳,殳,,0
役,"DỊCH: chức vụ, nô dịch",殳,,0
投,"ĐẦU: đầu tư, đầu cơ",殳,,0
撃,"KÍCH: công kích, tập kích",殳,,0
没,MỘT: trầm một,殳,,0
股,CỔ: đùi,殳,,0
設,"THIẾT: thiết lập, kiến thiết",殳,,0
段,"ĐOẠN, ĐOÀN: giai đoạn",段,,0
鍛,ĐOÁN: luyện,段,,0
母,"MẪU: mẹ, phụ mẫu, mẫu thân",母,,0
毒,ĐỘC: đầu độc,母,,0
毎,MỖI: mỗi,毎,,0
侮,"VŨ: sỉ nhục, vũ nhục",毎,,0
悔,HỐI: hối hận,毎,,0
梅,MAI: cây mơ,毎,,0
海,"HẢI: hải cảng, hải phận",毎,,0
比,"TỶ, BỈ: so sánh, tỉ lệ, tỉ dụ",比,,0
批,"PHÊ: phê bình, phê phán",比,,0
昆,CÔN: côn trùng,比,,0
混,"HỖN: hỗn hợp, hỗn độn, hỗn loạn",比,,0
陛,BỆ: bệ hạ,比,,0
毛,MAO: lông,毛,,0
尾,VĨ: cái đuôi,毛,,0
氏,THỊ: họ,氏,,0
婚,"HÔN: kết hôn, hôn nhân",氏,,0
紙,CHỈ: giấy,氏,,0
氐,氐,氐,,0
低,"ĐÊ: thấp, đê hèn, đê tiện",氐,,0
底,ĐỂ: đáy,氐,,0
抵,ĐỂ: đề kháng,氐,,0
邸,ĐỂ: trang trại,氐,,0
民,"DÂN: quốc dân, dân tộc",民,,0
眠,MIÊN: thôi miên,民,,0
气,气,气,,0
気,"KHÍ: không khí, khí chất, khí khái, khí phách",气,,0
汽,"KHÍ: không khí, hơi",气,,0
求,"CẦU: yêu cầu, mưu cầu",求,,0
救,"CỨU: cấp cứu, cứu trợ",求,,0
球,"CẦU: quả cầu, địa cầu",求,,0
泉,TUYỀN: suối,泉,,0
線,"TUYẾN: dây, tiền tuyến, điện tuyến, vô tuyến",泉,,0
腺,TUYẾN: tuyến tế bào,泉,,0
波,"BA: sóng, phong ba",波,,0
婆,BÀ: bà già,波,,0
澡,澡,澡,,0
藻,TẢO: tảo biển,澡,,0
火,HỎA: lửa,火,,0
畑,(Không có âm Hán Việt): vườn,火,,0
灰,HÔI: tro,灰,,0
炭,THÁN: than,灰,,0
炎,VIÊM: lửa lớn,炎,,0
淡,ĐẠM: đạm bạc,炎,,0
談,"ĐÀM: hội đàm, đàm thoại",炎,,0
為,"VI, VỊ: hành vi",為,,0
偽,"NGUỴ: ngụy trang, ngụy tạo",為,,0
焦,TIÊU: cháy,焦,,0
礁,TIỀU: đá ngầm,焦,,0
然,"NHIÊN: quả nhiên, tất nhiên, thiên nhiên",然,,0
燃,NHIÊN: nhiên liệu,然,,0
爪,TRẢO: móng,爪,,0
妥,THOẢ: thỏa hiệp,爪,,0
爵,"TƯỚC: tước hiệu, quan tước",爪,,0
穏,ỔN: yên ổn,爪,,0
隠,ẨN: ẩn giấu,爪,,0
爰,爰,爰,,0
媛,"VIỆN, VIÊN: con gái đẹp",爰,,0
援,VIỆN: viện trợ,爰,,0
暖,NOÃN: ấm,爰,,0
緩,HOÃN: hòa hoãn,爰,,0
片,PHIẾN: tấm,片,,0
版,BẢN: xuất bản,片,,0
牙,NHA: nanh,牙,,0
芽,"NHA: mầm, manh nha",牙,,0
邪,TÀ: tà ma,牙,,0
雅,NHÃ: tao nhã,牙,,0
牛,NGƯU: con trâu,牛,,0
件,"KIỆN: điều kiện, sự kiện, bưu kiện",牛,,0
牧,"MỤC: mục đồng, du mục",牛,,0
犬,KHUYỂN: con chó,犬,,0
伏,"PHỤC: phục binh, phục kích",犬,,0
状,"TRẠNG: tình trạng, trạng thái, cáo trạng",犬,,0
獣,THÚ: thú vật,犬,,0
狂,CUỒNG: cuồng sát,犬,,0
猫,MIÊU: con mèo,犬,,0
獄,"NGỤC: cai ngục, ngục tù",犬,,0
玄,HUYỀN: màu đen,玄,,0
弦,HUYỀN: dây,玄,,0
擁,ỦNG: ủng hộ,玄,,0
率,"SUẤT, LUẬT: thống suất, xác suất, tỉ lệ suất",玄,,0
舷,HUYỀN: mạn thuyền,玄,,0
玉,NGỌC: ngọc,玉,,0
国,"QUỐC: đất nước, quốc gia, quốc ca",玉,,0
宝,"BẢO, BỬU: bảo vật",玉,,0
弄,LỘNG: lấy làm đồ chơi,玉,,0
瓜,瓜,瓜,,0
孤,CÔ: cô độc,瓜,,0
弧,"HỒ: cung, cánh cung",瓜,,0
瓦,NGOÃ: ngói,瓦,,0
瓶,BÌNH: cái bình,瓦,,0
甘,"CAM: ngọt, cam chịu",甘,,0
紺,CÁM: xanh đậm,甘,,0
匹,THẤT,匹,,0
甚,THẬM: thậm chí,匹,,0
勘,KHÁM,匹,,0
堪,KHAM: chịu đựng được,匹,,0
生,"SINH, SANH: sinh sống, sinh sản",生,,0
姓,TÍNH: họ,生,,0
性,"TÍNH: tính dục, giới tính, bản tính, tính chất",生,,0
牲,SINH: hi sinh,生,,0
産,"SẢN: sản xuất, sinh sản, cộng sản",生,,0
隆,LONG: cao quý,生,,0
用,"DỤNG: sử dụng, dụng cụ, công dụng",用,,0
備,"BỊ: trang bị, phòng bị, thiết bị",用,,0
庸,"DONG, DUNG: bình thường, dung tục, trung dung",用,,0
甫,甫,甫,,0
哺,BỘ: ăn,甫,,0
捕,"BỘ: bắt, đãi bộ",甫,,0
敷,PHU: trải,甫,,0
浦,"PHỔ, PHỐ: cửa biển",甫,,0
補,"BỔ: bổ sung, bổ túc",甫,,0
甬,甬,甬,,0
踊,DŨNG: nhảy múa,甬,,0
通,"THÔNG: thông qua, thông hành, phổ thông",甬,,0
田,"ĐIỀN: điền viên, tá điền",田,,0
塁,LŨY: thành lũy,田,,0
富,"PHÚ: giàu, phú hào, phú hộ, phong phú",田,,0
累,"LUY, LŨY, LỤY: thành lũy, tích lũy",田,,0
細,"TẾ: tinh tế, tường tế, tế bào",田,,0
由,"DO: tự do, lí do",由,,0
画,"HỌA, HOẠCH: họa sĩ",由,,0
宙,TRỤ: vũ trụ,由,,0
届,GIỚI: đưa đến,由,,0
抽,TRỪU: trừu tượng,由,,0
油,DU: dầu,由,,0
笛,ĐỊCH: ống sáo,由,,0
袖,TỤ: tay áo,由,,0
軸,TRỤC: trục,由,,0
甲,"GIÁP: vỏ sò, thứ nhất",甲,,0
岬,GIÁP: mũi đất,甲,,0
押,ÁP: ấn,甲,,0
申,THÂN: thân thỉnh (xin),申,,0
伸,THÂN: dãn ra,申,,0
捜,"SƯU: sưu tầm, sưu tập",申,,0
痩,SẤU: gầy,申,,0
神,"THẦN: thần, thần thánh, thần dược",申,,0
紳,THÂN: đàn ông,申,,0
电,电,电,,0
亀,QUY: rùa,电,,0
俺,YÊM: tao,电,,0
縄,THẰNG: sợi dây,电,,0
電,"ĐIỆN: phát điện, điện lực",电,,0
男,"NAM: đàn ông, nam giới",男,,0
虜,LỖ: tù binh,男,,0
畀,畀,畀,,0
鼻,TỊ: mũi,畀,,0
畐,畐,畐,,0
副,"PHÓ: phó, phó phòng",畐,,0
幅,BỨC: bề ngang,畐,,0
福,"PHÚC: phúc, hạnh phúc, phúc lợi",畐,,0
留,"LƯU: lưu học, lưu trữ",留,,0
瑠,LƯU: ngọc lưu ly,留,,0
畜,SÚC: súc vật,畜,,0
蓄,SÚC: lưu trữ,畜,,0
番,"PHIÊN, PHAN: thứ tự, phiên hiệu",番,,0
審,"THẨM: thẩm tra, thẩm phán, thẩm định",番,,0
翻,PHIÊN: phiên dịch,番,,0
藩,PHIÊN,番,,0
異,"DỊ: dị bản, dị tộc, dị giáo",異,,0
翼,DỰC: cánh,異,,0
疋,疋,疋,,0
旋,TOÀN,疋,,0
疎,SƠ: không thân,疋,,0
疑,"NGHI: nghi ngờ, nghi vấn, tình nghi",疑,,0
凝,"NGƯNG: ngưng kết, ngưng tụ",疑,,0
擬,NGHĨ: bắt chước,疑,,0
疒,疒,疒,,0
疫,DỊCH: dịch bệnh,疒,,0
痕,"NGÂN: sẹo, vết",疒,,0
疾,TẬT: tật bệnh,疾,,0
嫉,TẬT: đố kỵ,疾,,0
発,"PHÁT: xuất phát, phát kiến, phát hiện, phát ngôn",発,,0
廃,"PHẾ: tàn phế, hoang phế",発,,0
登,"ĐĂNG: trèo, đăng sơn, đăng kí, đăng lục",登,,0
澄,"TRỪNG: trong, rõ",登,,0
白,"BẠCH: thanh bạch, bạch sắc",白,,0
伯,BÁ: thúc bá,白,,0
拍,PHÁCH: vỗ tay,白,,0
泊,BẠC: ngủ lại,白,,0
激,"KÍCH, KHÍCH: kích động, kích thích, kích hoạt",白,,0
皇,HOÀNG: hoàng đế,白,,0
綿,MIÊN: lụa,白,,0
迫,"BÁCH: áp bách, bức bách",白,,0
錦,CẨM: vải cẩm,白,,0
皆,GIAI: tất cả,皆,,0
楷,"GIAI, KHẢI: mẫu chữ",皆,,0
諧,HÀI: hài hòa,皆,,0
階,"GIAI: giai cấp, giai tầng",皆,,0
皮,BÌ: da,皮,,0
彼,BỈ: anh ta,皮,,0
披,"PHI, BIA: mở ra",皮,,0
疲,BÌ: mệt,皮,,0
破,"PHÁ: phá hoại, tàn phá",皮,,0
皿,MÃNH: đĩa,皿,,0
塩,DIÊM: muối,皿,,0
温,"ÔN: ôn hòa, ôn tồn",皿,,0
猛,MÃNH: mãnh liệt,皿,,0
監,"GIAM, GIÁM: giam cấm",監,,0
濫,"LẠM: làm quá, lạm dụng",監,,0
艦,"HẠM: chiến hạm, hạm đội",監,,0
藍,LAM: xanh lam,監,,0
鑑,GIÁM: giám định,監,,0
目,"MỤC: mắt, hạng mục, mục lục",目,,0
看,KHAN: khán giả,目,,0
買,"MÃI: mua, khuyến mãi",目,,0
直,"TRỰC: trực tiếp, chính trực",直,,0
値,TRỊ: giá trị,直,,0
植,"THỰC: thực vật, thực dân",直,,0
殖,THỰC: sinh sản,直,,0
置,"TRÍ: bố trí, bài trí, vị trí",直,,0
相,"TƯƠNG, TƯỚNG: tương hỗ, tương tự, tương đương",相,,0
想,"TƯỞNG: tư tưởng, tưởng tượng",相,,0
箱,"TƯƠNG, SƯƠNG: cái hộp",相,,0
霜,SƯƠNG: sương mù,相,,0
盾,THUẪN: mâu thuẫn,盾,,0
循,TUẦN: tuần hoàn,盾,,0
県,"HUYỆN: huyện, tỉnh",県,,0
懸,HUYỀN: treo,県,,0
真,"CHÂN: chân lí, chân thực",真,,0
填,ĐIỀN,真,,0
慎,THẬN: thận trọng,真,,0
鎮,"TRẤN: trấn áp, trấn tĩnh",真,,0
矛,MÂU: mâu thuẫn,矛,,0
柔,NHU: nhu nhuyễn,矛,,0
矢,THỈ: mũi tên,矢,,0
医,"Y: y học, y viện",矢,,0
挨,"AI: mở ra, chào hỏi",矢,,0
族,"TỘC: gia tộc, dân tộc, chủng tộc",矢,,0
知,"TRI, TRÍ: tri thức, tri giác",知,,0
痴,SI: ngu si,知,,0
石,"THẠCH: đá, thạch anh, bảo thạch",石,,0
妬,ĐỐ: đố kị,石,,0
岩,"NHAM: đá tảng, nham thạch",石,,0
拓,THÁC: khai thác,石,,0
確,"XÁC: chính xác, xác lập, xác suất",石,,0
示,"KÌ, THỊ: biểu thị",示,,0
奈,"NẠI: nào, gì",示,,0
社,"XÃ: đền thờ thổ địa, xã hội, xã tắc",示,,0
票,"PHIẾU, TIÊU, PHIÊU: lá phiếu, đầu phiếu",票,,0
標,"TIÊU: mục tiêu, tiêu chuẩn",票,,0
漂,"PHIÊU, PHIẾU: phiêu lưu",票,,0
祭,TẾ: lễ hội,祭,,0
際,TẾ: quốc tế,祭,,0
禁,"CẤM: cấm đoán, nghiêm cấm",禁,,0
襟,"KHÂM: vạt áo, cổ áo",禁,,0
禺,禺,禺,,0
偶,NGẪU: ngẫu nhiên,禺,,0
愚,NGU: ngu ngốc,禺,,0
遇,"NGỘ: tao ngộ, đãi ngộ",禺,,0
隅,NGUNG: góc,禺,,0
禾,禾,禾,,0
和,"HÒA: hòa bình, tổng hòa, điều hòa",禾,,0
稚,TRĨ: ấu trĩ,禾,,0
香,"HƯƠNG: mùi hương, hương thơm",禾,,0
秋,THU: mùa thu,秋,,0
愁,"SẦU: buồn bã, sầu muộn",秋,,0
穴,HUYỆT: sào huyệt,穴,,0
突,"ĐỘT: đột phá, đột nhiên",穴,,0
窓,SONG: cửa sổ,穴,,0
窯,DIÊU: lò nung,穴,,0
空,"KHÔNG: không khí, hư không, hàng không",空,,0
控,KHỐNG: khống chế,空,,0
立,"LẬP: thiết lập, tự lập",立,,0
位,"VỊ: vị trí, tước vị, đơn vị",立,,0
倍,"BỘI: bội thu, bội số",立,,0
剖,"PHẪU: phẫu thuật, giải phẫu",立,,0
培,BỒI: bồi đắp,立,,0
拉,"LẠP: kéo, ramen",立,,0
接,"TIẾP: nối tiếp, tiếp đãi, tiếp xúc",立,,0
泣,KHẤP: khóc,立,,0
賠,BỒI: bồi thường,立,,0
商,"THƯƠNG: thương mại, thương số",立,,0
陪,BỒI: bồi thẩm đoàn,陪,,0
竜,LONG: con rồng,竜,,0
滝,LANG: thác nước,竜,,0
竟,竟,竟,,0
境,"CẢNH: nhập cảnh, quá cảnh, cảnh ngộ",竟,,0
鏡,KÍNH: gương kính,竟,,0
章,CHƯƠNG: chương sách,章,,0
彰,CHƯƠNG: hiển chương,章,,0
障,CHƯỚNG: chướng ngại,章,,0
童,ĐỒNG: nhi đồng,童,,0
憧,SUNG: ngưỡng mộ,童,,0
瞳,ĐỒNG: con ngươi,童,,0
鐘,CHUNG: cái chuông,童,,0
竹,TRÚC: trúc,竹,,0
筋,CÂN: gân cơ,竹,,0
米,MỄ: gạo,米,,0
数,SỐ: số lượng,米,,0
来,"LAI: đến, tương lai, vị lai",米,,0
楼,"LÂU: tòa nhà, nhà lầu",米,,0
粒,LẠP: hạt,米,,0
粧,TRANG: hóa trang,米,,0
類,LOẠI: chủng loại,米,,0
奥,ÁO: trong cùng,米,,0
歯,XỈ: răng,米,,0
系,"HỆ: hệ thống, hệ số",系,,0
係,"HỆ: quan hệ, hệ số",系,,0
維,DUY: sợi dây,維,,0
羅,LA: lụa,維,,0
缶,"PHỮU, PHẪU: đồ hộp",缶,,0
陶,ĐÀO: đồ sứ,缶,,0
网,网,网,,0
壊,HOẠI: phá hoại,网,,0
徳,ĐỨC: đạo đức,网,,0
懐,HOÀI: hoài cổ,网,,0
濁,TRỌC: đục,网,,0
罰,PHẠT: trừng phạt,网,,0
羊,"DƯƠNG: con dê, con cừu",羊,,0
様,"DẠNG: đa dạng, hình dạng",羊,,0
洋,"DƯƠNG: đại dương, tây dương",羊,,0
着,"TRỨ, TRƯỚC: đến, đáo trước, mặc",羊,,0
祥,TƯỜNG: cát tường,羊,,0
美,"MĨ: mĩ nhân, mĩ lệ",羊,,0
詳,TƯỜNG: tường tế (chi tiết),羊,,0
遅,TRÌ: muộn,羊,,0
達,"ĐẠT: đạt tới, điều đạt, thành đạt",羊,,0
義,"NGHĨA: ý nghĩa, nghĩa lí, đạo nghĩa",義,,0
儀,NGHI: nghi thức,義,,0
犠,HY: hi sinh,義,,0
議,"NGHỊ: nghị luận, nghị sự",義,,0
羽,VŨ: lông vũ,羽,,0
扇,PHIẾN: quạt,羽,,0
翌,DỰC,羽,,0
習,TẬP: học tập,羽,,0
2 em chim,,2 em chim,,0
濯,TRẠC: rửa,2 em chim,,0
曜,DIỆU: ngày trong tuần,2 em chim,,0
躍,DƯỢC: nhảy lên,2 em chim,,0
老,"LÃO: già, lão luyện",老,,0
考,"KHẢO: khảo sát, tư khảo",老,,0
拷,"KHẢO: tra khảo, tra tấn",老,,0
者,"GIẢ: học giả, tác giả",者,,0
暑,THỬ: hè nóng,者,,0
煮,CHỬ: luộc,者,,0
箸,TRỢ: đũa,者,,0
緒,TỰ: tình tự,者,,0
署,"THỰ, THỤ: biệt thự",者,,0
著,"TRỨ, TRƯỚC: trứ danh, trứ tác",者,,0
諸,CHƯ: chư hầu,者,,0
賭,ĐỔ: cờ bạc,者,,0
都,"ĐÔ: đô thị, đô thành",者,,0
而,而,而,,0
端,ĐOAN: đầu đoạn,而,,0
耐,NẠI: nhẫn nại,而,,0
耒,耒,耒,,0
籍,"TỊCH: quốc tịch, hộ tịch",耒,,0
耕,CANH: canh tác,耒,,0
耗,"HAO, HÁO: tiêu hao, hao mòn",耒,,0
耳,NHĨ: tai,耳,,0
恥,SỈ: sỉ nhục,耳,,0
摂,"NHIẾP: nhiếp chính, nhiếp thủ",耳,,0
聖,THÁNH: thánh ca,耳,,0
聞,"VĂN: nghe, tân văn (báo)",耳,,0
聴,THÍNH: thính giả,耳,,0
餌,NHỊ: mồi,耳,,0
聿,聿,聿,,0
律,LUẬT: luật pháp,聿,,0
書,"THƯ: thư đạo, thư tịch, thư kí",聿,,0
津,TÂN: bờ biển,聿,,0
筆,BÚT: bút,聿,,0
粛,TÚC: nghiêm túc,聿,,0
肖,TIÊU: giống,肖,,0
削,"TƯỚC: gọt, tước đoạt",肖,,0
宵,"TIÊU: đầu tối, nguyên tiêu",肖,,0
消,"TIÊU: tiêu diệt, tiêu hao, tiêu thất",肖,,0
硝,TIÊU: kiềm nitrade,肖,,0
育,"DỤC: giáo dục, dưỡng dục",育,,0
徹,TRIỆT: triệt để,育,,0
撤,TRIỆT: triệt thoái,育,,0
胃,VỊ: dạ dày,胃,,0
膚,PHU: da,胃,,0
胥,胥,胥,,0
婿,TẾ: con rể,胥,,0
能,"NĂNG: năng lực, tài năng",能,,0
態,"THÁI: trạng thái, hình thái, thái độ",能,,0
熊,HÙNG: gấu,能,,0
罷,"BÃI: hủy bỏ, bãi bỏ",能,,0
臣,THẦN: trung thần,臣,,0
堅,KIÊN: kiên cố,臣,,0
姫,CƠ: công chúa,臣,,0
緊,"KHẨN: khẩn cấp, khẩn trương",臣,,0
腎,THẬN: quả thận,臣,,0
賢,"HIỀN: hiền thần, hiền nhân",臣,,0
自,"TỰ: chính mình, tự do, tự nhiên, tự thân",自,,0
夏,HẠ: mùa hè,自,,0
息,"TỨC: con trai, tử tức",自,,0
憩,KHẾ: nghỉ ngơi,自,,0
臭,"XÚ: mùi thối, xú khí",臭,,0
嗅,KHỨU: ngửi,臭,,0
至,CHÍ: đến,至,,0
室,"THẤT: phòng, giáo thất",至,,0
窒,TRẤT: ngạt,至,,0
致,TRÍ: trí mạng,致,,0
緻,"TRÍ: mau, dày đặc",致,,0
臼,CỮU: cối xay,臼,,0
興,"HƯNG, HỨNG: hưng thịnh, phục hưng",臼,,0
毀,HUỶ: phá,臼,,0
潟,TÍCH: vũng nước,臼,,0
乱,"LOẠN: phản loạn, chiến loạn",舌,,0
舌,THIỆT: cái lưỡi,舌,,0
括,QUÁT: tổng quát,舌,,0
活,"HOẠT: hoạt động, sinh hoạt",舌,,0
話,"THOẠI: nói chuyện, đối thoại, giai thoại",舌,,0
舎,XÁ: cư xá,舎,,0
捨,XẢ: vứt,舎,,0
舛,舛,舛,,0
舞,"VŨ: vũ điệu, khiêu vũ",舛,,0
傑,"KIỆT: tuấn kiệt, hào kiệt",舛,,0
瞬,THUẤN: trong nháy mắt,舛,,0
隣,"LÂN: lân bang, lân cận",舛,,0
舟,CHU: thuyền,舟,,0
舶,BẠC: tàu,舟,,0
般,"BÀN, BAN: nhất ban",般,,0
搬,"BÀN, BAN: vận chuyển",般,,0
盤,BÀN: cái khay,般,,0
艮,艮,艮,,0
恨,HẬN: căm hận,艮,,0
根,"CĂN: gốc, căn bản, căn cứ",艮,,0
眼,NHÃN: nhãn khoa,艮,,0
退,"THOÁI: triệt thoái, thoái lui",艮,,0
銀,"NGÂN: ngân hàng, ngân lượng, kim ngân",艮,,0
良,"LƯƠNG: tốt, lương tâm, lương tri",良,,0
娘,NƯƠNG: cô nương,良,,0
朗,LÃNG: rõ ràng,良,,0
浪,"LÃNG, LANG: sóng",良,,0
色,"SẮC: màu sắc, sắc dục",色,,0
絶,"TUYỆT: đoạn tuyệt, tuyệt diệu",色,,0
艸,艸,艸,,0
茶,TRÀ: trà,艸,,0
苗,MIÊU: mầm,苗,,0
描,MIÊU: miêu tả,苗,,0
右,"HỮU: bên phải, hữu ngạn, cánh hữu",右,,0
若,"NHƯỢC: trẻ, nhược niên",右,,0
匿,NẶC: nặc danh,右,,0
諾,NẶC: chấp thuận,右,,0
茲,茲,茲,,0
慈,"TỪ: từ bi, nhân từ",茲,,0
滋,TƯ: phồn thịnh,茲,,0
磁,"TỪ: từ tính, từ trường",茲,,0
荒,"HOANG: hoang dã, hoang dại",荒,,0
慌,"HOẢNG: hốt hoảng, hoảng loạn",荒,,0
莫,莫,莫,,0
募,"MỘ: mộ tập, chiêu mộ",莫,,0
墓,MỘ: ngôi mộ,莫,,0
幕,"MẠC, MÁN: khai mạc, bế mạc",莫,,0
慕,"MỘ: hâm mộ, ái mộ",莫,,0
暮,MỘ: chiều tối,莫,,0
模,"MÔ: mô phỏng, mô hình",莫,,0
漠,MẠC: sa mạc,莫,,0
膜,"MÔ, MẠC: niêm mạc",莫,,0
蔵,"TÀNG, TẠNG: bảo tàng, tàng trữ, tàng hình",蔵,,0
臓,TẠNG: nội tạng,蔵,,0
虍,虍,虍,,0
虐,NGƯỢC: ngược đãi,虍,,0
劇,"KỊCH: kịch bản, vở kịch, kịch tính",虍,,0
虎,HỔ: con hổ,虍,,0
虚,HƯ: hư vô,虚,,0
戯,HÍ: hí kịch,虚,,0
虫,TRÙNG: côn trùng,虫,,0
独,"ĐỘC: cô độc, đơn độc",虫,,0
血,HUYẾT: tâm huyết,血,,0
衆,"CHÚNG: quần chúng, chúng sinh",血,,0
行,"HÀNH, HÀNG: thực hành, lữ hành",行,,0
桁,"HÀNH: nhịp, hàng số",行,,0
街,NHAI: phố xá,行,,0
衡,HÀNH: cái cân,行,,0
衣,Y: y phục,衣,,0
依,Y: ỷ lại,衣,,0
喪,"TANG, TÁNG: đám tang",衣,,0
衤,衤,衤,,0
初,SƠ: sơ cấp,衤,,0
被,"BỊ: bị, bị động, bị cáo",衤,,0
表,"BIỂU: biểu hiện, bảng biểu, biểu diễn",表,,0
俵,BIỂU,表,,0
袁,袁,袁,,0
園,"VIÊN: vườn, điền viên, hoa viên, công viên",袁,,0
猿,VIÊN: con khỉ,袁,,0
遠,"VIỄN: viễn phương, vĩnh viễn",袁,,0
襄,襄,襄,,0
壌,NHƯỠNG: thổ nhưỡng,襄,,0
嬢,NƯƠNG: cô nương,襄,,0
譲,NHƯỢNG: nhượng bộ,襄,,0
醸,NHƯỠNG: gây nên,襄,,0
西,TÂY: phương tây,西,,0
価,"GIÁ: giá cả, vô giá, giá trị",西,,0
煙,YÊN: khói,西,,0
遷,"THIÊN: thiên đô, thiên di",西,,0
要,"YẾU, YÊU: yêu cầu",要,,0
腰,YÊU: eo,要,,0
見,KIẾN: ý kiến,見,,0
寛,KHOAN: khoan dung,見,,0
現,"HIỆN: xuất hiện, hiện tại, hiện tượng, hiện hình",見,,0
規,"QUY: quy tắc, quy luật",見,,0
視,"THỊ: thị sát, thị lực, giám thị",見,,0
覧,LÃM: triển lãm,見,,0
親,"THÂN: thân thuộc, thân thích, thân thiết",見,,0
角,"GIÁC: tam giác, tứ giác",角,,0
解,"GIẢI: giải quyết, giải thể, giải thích",角,,0
触,XÚC: tiếp xúc,角,,0
言,"NGÔN: ngôn ngữ, ngôn luận, phát ngôn",言,,0
信,"TÍN: uy tín, tín thác, thư tín",言,,0
谷,"CỐC: thung lũng, khê cốc",谷,,0
俗,"TỤC: thông tục, tục lệ",谷,,0
欲,DỤC: dục vọng,谷,,0
浴,DỤC: tắm,谷,,0
裕,DỤ: giàu sang,谷,,0
豆,ĐẬU: hạt đậu,豆,,0
痘,ĐẬU: thủy đậu (bệnh),豆,,0
短,"ĐOẢN: đoản mệnh, sở đoản",豆,,0
闘,"ĐẤU: đấu tranh, chiến đấu",豆,,0
頭,ĐẦU: đầu não,豆,,0
豊,PHONG: phong phú,豊,,0
艶,DIỄM: mượt,豊,,0
豕,豕,豕,,0
塚,TRỦNG: đống đất,豕,,0
縁,DUYÊN: duyên số,豕,,0
豚,"ĐỒN, ĐỘN: con lợn",豕,,0
豪,"HÀO: hào kiệt, phú hào",豕,,0
逐,"TRỤC: đuổi theo, khu trục",豕,,0
遂,TOẠI: toại nguyện,豕,,0
象,"TƯỢNG: hiện tượng, khí tượng, hình tượng",象,,0
像,"TƯỢNG: tưởng tượng, thần tượng",象,,0
豸,豸,豸,,0
墾,KHẨN: khai khẩn,豸,,0
懇,"KHẨN: khẩn khoản, khẩn đãi",豸,,0
貌,MẠO: dung mạo,豸,,0
貝,BỐI: vỏ sò,貝,,0
唄,BÁI: bài hát,貝,,0
負,"PHỤ: âm, mang, phụ thương, phụ trách",貝,,0
頁,頁,頁,,0
寡,"QUẢ: cô quả, quả phụ",頁,,0
煩,PHIỀN: phiền muộn,頁,,0
頃,"KHOẢNH, KHUYNH: khoảng",頁,,0
顎,NGẠC: hàm,頁,,0
化,HÓA: biến hóa,化,,0
傾,"KHUYNH: khuynh đảo, khuynh hướng",化,,0
花,"HOA: hoa, bông hoa",化,,0
貨,HÓA: hàng hóa,化,,0
貞,TRINH: trinh tiết,貞,,0
偵,TRINH: trinh thám,貞,,0
貫,"QUÁN: xuyên qua, quán xuyến",貫,,0
慣,QUÁN: tập quán,貫,,0
責,"TRÁCH: khiển trách, trách cứ, trách nhiệm",責,,0
債,"TRÁI: nợ, quốc trái, công trái",責,,0
漬,TÝ: ngâm tẩm,責,,0
積,"TÍCH: tích tụ, súc tích, tích phân",責,,0
績,TÍCH: thành tích,責,,0
貴,QUÝ: cao quý,貴,,0
潰,"HỘI: phá, giết",貴,,0
遺,"DI: sót lại, di tích, di ngôn, di vật",貴,,0
賞,"THƯỞNG: giải thưởng, tưởng thưởng",賞,,0
償,THƯỜNG: bồi thường,賞,,0
走,TẨU: chạy,走,,0
徒,"ĐỒ: môn đồ, đồ đệ",走,,0
赴,PHÓ,走,,0
起,"KHỞI: khởi động, khởi sự, khởi nghĩa",走,,0
超,"SIÊU: siêu việt, siêu thị, siêu nhân",走,,0
足,"TÚC: chân, bổ túc, sung túc",足,,0
促,XÚC: xúc tiến,足,,0
捉,TRÓC: nắm bắt,足,,0
踏,ĐẠP: dẫm lên,足,,0
路,"LỘ: đường, không lộ, thủy lộ",路,,0
露,LỘ: sương mù,路,,0
身,"THÂN: thân thể, thân phận",身,,0
窮,CÙNG: cùng cực,身,,0
車,"XA: xe cộ, xa lộ",車,,0
庫,"KHỐ: kho, xa khố, kim khố",車,,0
連,"LIÊN: liên tục, liên lạc",車,,0
陣,TRẬN: trận mạc,車,,0
軍,"QUÂN: quân đội, quân sự",軍,,0
揮,"HUY: phát huy, chỉ huy",軍,,0
運,"VẬN: vận chuyển, vận mệnh",軍,,0
辛,TÂN: cay,辛,,0
宰,"TỂ: chúa tể, tể tướng",辛,,0
辞,"TỪ: từ vựng, từ chức",辛,,0
辣,LẠT: vị cay,辛,,0
辟,辟,辟,,0
壁,"BÍCH: tường, bích họa",辟,,0
璧,BÍCH: vòng ngọc,辟,,0
癖,"TÍCH: tật, tật xấu",辟,,0
避,TỴ: tị nạn,辟,,0
辰,辰,辰,,0
唇,THẦN: môi,辰,,0
娠,THẦN: mang thai,辰,,0
振,CHẤN: chấn động,辰,,0
辱,NHỤC: sỉ nhục,辰,,0
震,CHẤN: địa chấn,辰,,0
農,"NÔNG: nông nghiệp, nông thôn, nông dân",農,,0
濃,NÙNG: nồng độ,農,,0
迷,"MÊ: mê hoặc, mê đắm",迷,,0
謎,MÊ: câu đố,迷,,0
百,"BÁCH: trăm, bách niên",百,,0
首,"THỦ: đầu, cổ, thủ tướng",百,,0
道,"ĐẠO: đạo lộ, đạo đức, đạo lí",百,,0
導,"ĐẠO: dẫn đường, chỉ đạo",百,,0
邑,邑,邑,,0
部,"BỘ: bộ môn, bộ phận",邑,,0
限,"HẠN: giới hạn, hữu hạn, hạn độ",邑,,0
郎,LANG: tân lang,郎,,0
廊,LANG: hành lang,郎,,0
郷,"HƯƠNG, HƯỚNG: quê hương",郷,,0
響,"HƯỞNG: ảnh hưởng, âm hưởng",郷,,0
酉,酉,酉,,0
酎,TRỮU: rượu shochu,酉,,0
酒,TỬU: rượu,酉,,0
猶,DO: do dự,酉,,0
釆,釆,釆,,0
釈,THÍCH: chú thích,釆,,0
采,THÁI: hái,采,,0
採,"THÁI: hái, thải dụng",采,,0
菜,THÁI: rau,采,,0
里,LÝ: làng,里,,0
厘,LY: một li,里,,0
埋,MAI: chôn,里,,0
理,"LÝ: lí do, lí luận, nguyên lí",里,,0
裏,LÝ: đằng sau,里,,0
黒,"HẮC: đen, hắc ám",里,,0
黙,MẶC: trầm mặc,里,,0
重,"TRỌNG, TRÙNG: trọng lượng",重,,0
種,"CHỦNG: chủng loại, chủng tộc",重,,0
腫,THŨNG: sưng,重,,0
薫,HUÂN: thơm,重,,0
衝,"XUNG: xung đột, xung kích",重,,0
量,"LƯỢNG, LƯƠNG: lực lượng, độ lượng, dung lượng, trọng lượng",量,,0
糧,LƯƠNG: lương thực,量,,0
金,"KIM: hoàng kim, kim ngân",金,,0
針,"CHÂM, TRÂM: cái kim, phương châm, châm cứu",金,,0
鎖,"TOẢ: xích, bế tỏa, tỏa cảng",金,,0
長,"TRƯỜNG, TRƯỞNG: dài, đứng đầu, trường kỳ,sở trường, bộ trưởng",長,,0
帳,TRƯỚNG: sổ,長,,0
張,"TRƯƠNG: chủ trương, khai trương",長,,0
門,"MÔN: cửa, nhập môn, môn đồ, bộ môn",門,,0
問,"VẤN: vấn đáp, chất vấn, vấn đề",門,,0
潤,"NHUẬN: lợi nhuận, nhuận tràng",門,,0
閑,"NHÀN: an nhàn, nhàn rỗi",門,,0
間,"GIAN: trung gian, không gian",間,,0
簡,GIẢN: đơn giản,間,,0
闌,闌,闌,,0
欄,LAN: lan can,闌,,0
隊,"ĐỘI: đội ngũ, quân đội",隊,,0
墜,"TRUỴ: rơi, trụy lạc",隊,,0
隶,隶,隶,,0
康,"KHANG: kiện khang, khang trang",隶,,0
逮,ĐÃI: đuổi bắt,隶,,0
隷,"LỆ: nô lệ, lệ thuộc",隶,,0
隹,隹,隹,,0
奪,ĐOẠT: chiếm đoạt,隹,,0
奮,"PHẤN: hưng phấn, phấn đấu",隹,,0
唯,"DUY: duy nhất, duy tâm",隹,,0
堆,ĐÔI: đắp,隹,,0
推,"THÔI, SUY: giới thiệu, thôi tiến",隹,,0
椎,TRUỲ: búa,隹,,0
準,"CHUẨN: tiêu chuẩn, chuẩn bị",隹,,0
誰,THUỲ: ai,隹,,0
進,"TIẾN: thăng tiến, tiền tiến, tiến lên",隹,,0
集,"TẬP: tập hợp, tụ tập",隹,,0
隺,隺,隺,,0
権,"QUYỀN: chính quyền, quyền uy, quyền lợi",隺,,0
観,"QUAN: quan sát, tham quan",隺,,0
隻,CHÍCH,隻,,0
獲,HOẠCH: thu hoạch,隻,,0
穫,HOẠCH: thu hoạch,隻,,0
護,"HỘ: bảo hộ, phòng hộ, hộ vệ",隻,,0
雇,"CỐ: thuê, cố nông",雇,,0
顧,CỐ: nhìn lại,雇,,0
雨,VŨ: mưa,雨,,0
漏,LẬU: lộ,雨,,0
雪,TUYẾT: tuyết,雨,,0
雷,LÔI: thiên lôi,雨,,0
需,NHU: nhu yếu,需,,0
儒,NHO: nho giáo,需,,0
青,"THANH: xanh, thanh thiên, thanh niên",青,,0
情,"TÌNH: tình cảm, tình thế",青,,0
晴,TÌNH: trong xanh,青,,0
清,"THANH: thanh bạch, trong sạch",青,,0
精,"TINH: tinh lực, tinh túy",青,,0
請,"THỈNH: thỉnh cầu, thỉnh nguyện",青,,0
非,"PHI: phi nhân đạo, phi nghĩa",非,,0
俳,BÀI: diễn viên,非,,0
悲,"BI: sầu bi, bi quan",非,,0
扉,PHI: cái cửa,非,,0
排,BÀI: bài trừ,非,,0
罪,"TỘI: tội phạm, tội ác",非,,0
輩,"BỐI: tiền bối, hậu hối",非,,0
革,"CÁCH: da thuộc, cách mạng",革,,0
覇,BÁ: xưng bá,革,,0
靴,NGOA: giầy,革,,0
韋,韋,韋,,0
偉,VĨ: vĩ đại,韋,,0
緯,VĨ: vĩ độ,韋,,0
衛,"VỆ: bảo vệ, vệ tinh, vệ sinh",韋,,0
違,"VI: vi phạm, tương vi",韋,,0
音,"ÂM: âm thanh, phát âm",音,,0
暗,ÁM: ám sát,音,,0
闇,ÁM: tối tăm,音,,0
風,"PHONG: phong ba, phong cách, phong tục",風,,0
嵐,LAM: bão táp,風,,0
食,"THỰC: ẩm thực, thực đường",食,,0
飲,ẨM: ẩm thực,食,,0
飾,SỨC: trang sức,食,,0
養,"DƯỠNG, DƯỢNG: dưỡng dục",食,,0
馬,MÃ: ngựa,馬,,0
篤,ĐỐC,馬,,0
罵,MẠ: chửi,馬,,0
騒,TAO: tao động,馬,,0
骨,"CỐT: xương, cốt nhục",骨,,0
滑,"HOẠT: trượt, giảo hoạt",骨,,0
骸,HÀI: cốt,骨,,0
髄,TỦY: xương tủy,骨,,0
高,"CAO: cao đẳng, cao thượng",高,,0
稿,"CẢO: nguyên cảo, bản viết",高,,0
髟,髟,髟,,0
髪,PHÁT: tóc,髟,,0
鬯,鬯,鬯,,0
鬱,UẤT: u uất,鬯,,0
鬲,鬲,鬲,,0
融,"DUNG: tan chảy, dung hòa, dung hợp",鬲,,0
隔,CÁCH: khoảng cách,鬲,,0
鬼,QUỶ: ma quỷ,鬼,,0
塊,KHỐI: đống,鬼,,0
醜,XÚ: xấu xí,鬼,,0
魂,HỒN: linh hồn,鬼,,0
魅,"MỊ: mị lực, mộng mị",鬼,,0
魚,NGƯ: cá,魚,,0
漁,NGƯ: đánh cá,魚,,0
鮮,"TIÊN: sáng, tươi, tiên minh (tươi đẹp), tân tiên",魚,,0
鯨,"KÌNH: cá voi, kình ngạc",魚,,0
鳥,ĐIỂU: chim chóc,鳥,,0
島,ĐẢO: hải đảo,鳥,,0
鳴,MINH: hót,鳥,,0
鶏,KÊ: con gà,鳥,,0
鹿,LỘC: hươu,鹿,,0
麓,LỘC: chân núi,鹿,,0
面,"DIỆN: phản diện, chính diện",面,,0
麺,MIẾN: mỳ,面,,0
麻,MA: cây tầm ma,麻,,0
摩,MA: ma sát,麻,,0
磨,MA: mài,麻,,0
魔,MA: ma quỷ,麻,,0
黄,HOÀNG: hoàng kim,黄,,0
横,"HOÀNH: tung hoành, hoành độ, hoành hành",黄,,0
黑,黑,黑,,0
墨,MẶC: mực tàu,黑,,0
鼠,鼠,鼠,,0
猟,LIỆP: săn bắn,鼠,,0
齊,齊,齊,,0
剤,TỄ: dịch tễ,齊,,0
斉,TỀ: nhất tề,齊,,0
済,"TẾ, TỂ: kinh tế, cứu tế",齊,,0
齒,齒,齒,,0
齢,LINH: tuổi,齒,,0
龍,龍,龍,,0
裾,"CƯ, CỨ: viền áo",龍,,0
襲,TẬP: tập kích,龍,,0
龴,龴,龴,,0
痛,THỐNG: thống khổ,龴,,0
龶,龶,龶,,0
潔,KHIẾT: thanh khiết,龶,,0
素,"TỐ: yếu tố, nguyên tố",龶,,0
麦,MẠCH: lúa mạch,龶,,0
龸,龸,龸,,0
労,"LAO: lao động, lao lực, công lao",龸,,0
㑒,㑒,㑒,,0
剣,KIẾM: thanh kiếm,㑒,,0
験,"NGHIỆM: thí nghiệm, hiệu nghiệm, kinh nghiệm",㑒,,0
㓁,㓁,㓁,,0
探,"THÁM: do thám, thám hiểm",㓁,,0
深,"THÂM: thâm sâu, thâm hậu",㓁,,0
㕣,㕣,㕣,,0
沿,"DUYÊN: ven, dọc theo",㕣,,0
船,THUYỀN: thuyền,㕣,,0
鉛,DUYÊN: kim loại chì,㕣,,0
㠯,㠯,㠯,,0
遣,KHIỂN: phân phát,㠯,,0
㦮,㦮,㦮,,0
残,"TÀN: tàn dư, tàn tích, tàn đảng",㦮,,0
䍃,䍃,䍃,,0
揺,DAO: dao động,䍃,,0
謡,DAO: ca dao,䍃,,0
䒑,䒑,䒑,,0
僕,BỘC: nô bộc,䒑,,0
撲,PHÁC: đánh,䒑,,0
業,"NGHIỆP: nghề nghiệp, công nghiệp, sự nghiệp",䒑,,0
益,"ÍCH: lợi ích, hữu ích",䒑,,0
𠂇,𠂇,𠂇,,0
在,"TẠI: tồn tại, thực tại",𠂇,,0
存,"TỒN: tồn tại, bảo tồn, ôn tồn",𠂇,,0
雄,"HÙNG: thư hùng, anh hùng, hùng tráng",𠂇,,0
𠂉,𠂉,𠂉,,0
勧,CẦN: khuyến cáo,𠂉,,0
旅,"LỮ: lữ hành, lữ khách",𠂉,,0
𠂢,𠂢,𠂢,,0
派,PHÁI: trường phái,𠂢,,0
脈,MẠCH: tim mạch,𠂢,,0
𠂤,𠂤,𠂤,,0
帥,"SUẤT, SÚY: tướng soái",𠂤,,0
師,"SƯ: giáo sư, tôn sư trọng đạo",𠂤,,0
追,"TRUY: truy lùng, truy nã, truy cầu",𠂤,,0
阜,PHỤ: mô đất,𠂤,,0
𠦝,𠦝,𠦝,,0
幹,"CÁN: cán sự, cán bộ",𠦝,,0
韓,HÀN: tên nước,𠦝,,0
𠫓,𠫓,𠫓,,0
流,"LƯU: lưu lượng, hạ lưu, lưu hành",𠫓,,0
硫,LƯU: lưu huỳnh,𠫓,,0
棄,KHÍ: từ bỏ,𠫓,,0
𡗗,𡗗,𡗗,,0
実,"THỰC, THẬT: sự thực, chân thực",𡗗,,0
春,"XUÂN: mùa xuân, thanh xuân",𡗗,,0
泰,THÁI: thái bình,𡗗,,0
𢦏,𢦏,𢦏,,0
戴,"ĐỚI: ăn, uống = itadaku, choudai",𢦏,,0
繊,TIÊM: thanh mảnh,𢦏,,0
𧘇,𧘇,𧘇,,0
環,"HOÀN: hoàn cảnh, tuần hoàn",𧘇,,0
畏,UÝ: sợ,𧘇,,0
還,HOÀN: hoàn trả,𧘇,,0
一,"NHẤT: 1, số một, đồng nhất, nhất định",一,,0
口,"KHẨU: miệng, nhân khẩu, khẩu ngữ",一,,0
凹,AO: lõm,一,,0
凸,ĐỘT: lồi,一,,0
巾,CÂN: khăn,一,,0
手,"THỦ: tay, thủ đoạn",一,,0
丈,TRƯỢNG: trượng,一,,0
人,"NHÂN: người, nhân vật, nhân tố",人,,0
年,"NIÊN: năm, niên đại",人,,0
事,"SỰ: việc, sự vật, sự việc",人,,0
尋,"TẦM: sưu tầm, tầm nã",尋,,0
当,"ĐƯƠNG, ĐÁNG: chính đáng",尋,,0
急,"CẤP: khẩn cấp, cấp cứu",尋,,0
降,"GIÁNG, HÀNG: giáng trần",降,,0
憲,"HIẾN: hiến pháp, hiến binh",憲,,0
円,"VIÊN: viên mãn, tiền Yên",円,,0
那,"NA, NẢ: nào, âm ""na""",円,,0
飛,"PHI: bay, phi công, phi hành",円,,0
薦,TIẾN: tiến cử,円,,0
慶,KHÁNH: quốc khánh,円,,0
璽,"TỶ: con dấu của vua, quốc tỉ",円,,0
冂,冂,冂,,0
丹,ĐAN: màu đỏ,冂,,0
再,"TÁI: lại, tái phát",冂,,0
向,"HƯỚNG: hướng thượng, phương hướng",冂,,0
繭,KIỂN: lông mày,冂,,0
別,"BIỆT: biệt li, đặc biệt, tạm biệt",冂,,0
迅,"TẤN: nhanh chóng, thông tấn",冂,,0
幸,"HẠNH: hạnh phúc, hạnh vận",冂,,0
后,HẬU: hoàng hậu,冂,,0
拐,QUẢI: bắt cóc,冂,,0
条,"ĐIỀU: điều khoản, điều kiện",冂,,0
隙,KHÍCH: khe hở,冂,,0
席,"TỊCH: chủ tịch, xuất tịch (tham gia)",冂,,0
互,HỖ: tương hỗ,冂,,0
肉,NHỤC: thịt,冂,,0
邦,BANG: liên bang,冂,,0
麗,"LỆ, LI: mĩ lệ",冂,,0
呼,"HÔ: gọi tên, hô hoán, hô hấp, hô hào",冂,,0
逓,"ĐỆ: đệ trình, gửi đi",冂,,0
